Expected,Predicted
satıyor olmalı mıydık,satıyor olmalı mıydık
hamızlarından,hamizlerinden
ovmaz mıydı,ovmaz mıydı
yıpranmamalı mıymışsınız,yıpranmameli miymişsiniz
hüzünlerde,hüzünlerde
manivelanızda,manivelanızda
dokuyor olmalısın,dokuyor olmalısın
barışmamalılar mıydı,barışmamalılar mıydı
sahipli yazılımlarımızı,sahipli yazılımlarımızı
yanıt vermedim mi,yanıt vermedim mi
onayacak olacak mısın,onayacak olacak mısın
tıklamış olacaktın,tıklamış olacaktın
prostatınızdan,prostatınızdan
damlarlar mı,damlarlar mı
hareket ediyor olacaktınız,hareket ediyor olacaktınız
dolmeliler,dolmeliler
yaratılarda,yaratılarda
kırdırtmayacakmışım,kırdırtmayacakmışım
kurutuyor olmalıydınız,kurutuyor olmalıydınız
fındık kıracak olmayacağım,fındık kıracak olmayacağım
geyimizde,geyimizde
ilklendirmezler mi,ilklendirmezler mi
sivrisineklerinin,sivrisineklerinin
kovuluyor olmazdınız,kovuluyor olmazdınız
keselerimiz,keselerimiz
kırdırmamış,kırdırmamış
ilerletecek olacak mıymışız,ilerletecek olacak mıymışız
gazetenizi,gazetenizi
yaptırtır mı,yaptırtır mı
kurtarmamelisin,kurtarmamelisin
karıştırıyor olmamalı mıymışız,karıştırıyor olmamalı mıymışız
ipeklere,ipeklere
baltamızın,baltamızın
yakışıklıyız,yakışıklıyız
ispatlamış mıydı,ispatlamış mıydı
kozlarmışım,kozlarmışım
akrebinizi,akrebinizi
öksürmeyecek miyim,öksürmeyecek miyim
haberleşiyor olmayacak mıydı,haberleşiyor olmayacak mıydı
sürülecek olacak mı,sürülecek olacak mı
onamamışmış,onamamışmış
yoldurtmuşum,yoldurtmuşum
salıyor olacak mıyız,salıyor olacak mıyız
öğretmeyiniz,öğretmeyiniz
sarılmadı mı,sarılmadı mı
ibnelerinde,ibnende
taşeronlarından,taşeronlarından
emmez,emmez
kovar mısınız,kovar mısınız
mezarlıklarından,mezarlıklarından
dervişlerinizden,dervişlerinizden
çıkarıyor olmamalı mıymışsın,çıkarıyor olmamalı mıymışsın
söz vermiş olacağız,söz vermiş olacağız
kaynaştırtıyor olmayacakmışım,kaynaştırtıyor olmayacakmışım
kaplanlarda,kaplanlarda
yırtar mıymışsın,yırtar mıymışsın
süründürüyor olmalıydın,süründürüyor olmalıydın
içereceksiniz,içereceksiniz
heyecanlanmıyor musunuz,heyecanlanmıyor musunuz
ağlamamışmışız,ağlamamışmışız
şikâyet eder olmayacakmışız,şikâyet eder olmayacakmışız
aldırtırmacak olmayacağım,aldırtırmacak olmayacağım
güzelleştirmiştiniz,güzelleştirmiştiniz
gülmemeli miydim,gülmemeli miydim
dublörlerinizden,dublörlerinizden
mimlerde,mimlerde
süt sağmadın,süt sağmadın
kâğıtları,kâğıtları
imreniyor olmayacakmışsın,imreniyor olmayacakmışsın
bakıcıydık,bakıcıydık
kovdurtmalı mıymışsın,kovdurtmalı mıymışsın
duracak mısın,duracak mı
koklamıyorlar mı,koklamıyorlar mı
kanıtladı mıydı,kanıtladı mıydı
parçalanıyor olmamalıydınız,parçalanıyor olmamalıydınız
itmeli miymişsiniz,itmeli miymişsiniz
tayfalardın,tayfalardın
yalın durumunuza,yalın durumunuza
saksolarında,saksolarında
saklamıyormuşsunuz,saklamıyormuşsunuz
ayarlanmazmışsınız,ayarlanmazmışsınız
el sıkışıyor olmayacaktık,el sıkışıyor olmayacaktık
sıyırmayınız,sıyırmayınız
edebiyatından,edebiyatından
gelirlerinde,gelirinde
büyüleyici değildi,büyüleyici değildi
sekecek olacakmışım,sekecek olacakmışım
helvalarından,helvalarından
dövmeyeceklermiş,dövmeyeceklermiş
solumuyor muyduk,solumuyor muyduk
kalıbı dinlendiriyor olacağım,kalıbı dinlendiriyor olacağım
oturmalıymışsınız,oturmalıymışsınız
panteistte,pantestde
kurtarmayacak mısınız,kurtarmayacak mısınız
sürünüyor muymuşuz,sürünüyor muymuşuz
kanıtladılardı,kanıtladılardı
dönmüş müymüşüz,dönmüş müymüşüz
bir avuç toprak olmuştunuz,bir avuç toprak olmuştunuz
eğer miyiz,eğer miyiz
yağmanızda,yağmanızda
işletimdi,işletimdı
süründürtmeyecekmişim,süründürtmeyecekmişim
saydırmayacak mısınız,saydırmayacak mısınız
savunmadılar mıydı,savunmadılar mıydı
yapar,yapar
kıymıştın,kıymıştın
bahtsızmışım,bahtsızmışım
gidilir misiniz,gidilir misiniz
sikişmemeli miyim,sikişmemeli miyim
cisimlerimiz,cisimlerimiz
kanıtlamadıydınız,kanıtlamadıydınız
ittirtilmemeli miymişsin,ittirtilmemeli miymişsin
ittirtildiydik,ittirtildiydik
yoldurtmamış mıymışım,yoldurtmamış mıyım
giymiş olacaklardı,giymiş olacaklardı
acıktırtmamışlardı,acıktırtmışlardı
çürüyor olurlar mıydı,çürüyor olurlar mıydı
embriyolarım,embriyolarım
acıları,acıları
yapılıyor olurdum,yapılıyor olurdum
efelerdik,efelerdik
dövüşecek olmayacağım,dövüşecek olmayacağım
el sıkışıyor olacağız,el sıkışıyor olacağız
yoluyor olmayacaktın,yoluyor olmayacaktın
şişin,şişin
saklamalı mıymışsınız,saklamalı mıymışsınız
tıkar mısınız,tıkar mısınız
cavlağı çekmemiş miydi,cavlağı çekmemiş miydi
sunusu,sunusu
Hakk'ın rahmetine kavuşuyor olacak mıymışsınız,Hakk'ın rahmetine kavuşuyor olacak mıymışsınız
deşmemeli,deşmemeli
alındırmalı mıymışsın,alındırmalı mıymışsın
çevirmiş olacak mıyız,çevirmiş olacak mıyız
boşanacak olacak mısın,boşanacak olacak mısın
dövmenizde,dövmenizde
güvercinlerinde,güvercinlerinde
irdelerdik,irdelirdik
dirilmemiştim,dirilmemiştim
çök,çök
yumuşakçanıza,yumuşakçanıza
değişecektin,değişecektin
ölçülmüyorduk,ölçülmüyorduk
siniyor olurdum,siniyor olurdum
ölçecekler mi,ölçecekler mi
seziyor olurduk,seziyor olurduk
yoğuruyor olacak mıyım,yoğuruyor olacak mıyım
yapılmış olacak mısın,yapılmış olacaksın
gerdik mi,gerdik mi
eğitecekler miydi,eğitecekler miydi
küsmezsin,küsmezsin
beklemiyorlar,beklemiyorlar
kötüleştiriyor olmalı mıyız,kötüleştiriyor olmalı mıyız
samankapanlarında,samankapanında
kıymayacağım,kıymayacağım
karıştırtmıyordum,karıştırtmıyordum
arzuhalcinizin,arzuhalcinizin
işlemiyorsun,işlemiyorsun
bakmış olacak mısın,bakış olacak mısın
taramameli misin,taramameli misin
sayıyor olmamalılar mıydı,sayıyor olmamalılar mıydı
işlemelerimiz,işlemelerimiz
peruğumuzda,peruğumuzda
ölecek olmayacağım,ölecek olmayacağım
dondurmamışmışız,dondurmamışmışiz
osuruyor olmalıydınız,osuruyor olmalıydınız
programlattırmayacakmışım,programlattırmayacakmışım
kaynaştırtılacak olacakmışım,kaynaştırtılacakmışım
öğretiyor olmayacaklar mıydı,öğretiyor olmayacaklar mıydı
pişirir olmayacakmışım,pişirir olmayacakmışım
kanlılığımızda,kanlılığımızda
yaymıyorum,yaymıyorum
sahifenizden,sahifenizden
bitirtiyor olmamalıydınız,bitirtiyor olmamalıydınız
kakıyor olacak mıymışım,kakıyor olacak mıymışım
eziyetçilerimize,eziyetçilerimize
buluşmayacağım,buluşmayacağım
tırtıllarda,tırtıllarda
sarımsaklarınızda,sarımsaklarınızda
ettirtecek olmayacak mı,ettirtecek olmayacak mı
patronu,patronu
iletmeyeceğim,iletmeyeceğim
büktürmeli miymişiz,büktürmeli miymişiz
ortamımızın,ortamımızın
ummalıydı,ummalıydı
sıyırıyor olmalıyım,sıyırıyor olmalıyım
aldırtmayacak mıyım,aldırtmayacak mıyım
yanlış değilsiniz,yanlış değilsiniz
mimari desenimizin,mimari desenimizin
sürterim,sürterim
ellemeyiniz,ellemeyiniz
çökertir misiniz,çökertir misiniz
savunacakmışsınız,savunacakmışsınız
sürülüyor olmamalı,sürülüyor olmamalı
yanmamalıymışsınız,yanmamalıymışsınız
yoldururdu,yoldururdu
ölçerdin,ölçerdin
yabancılarımız,yabancılarımız
kovdurttuydum,kovdurttuydum
hamburgerinin,hamburgerinin
türevlerinizden,türevlerinizden
pabuçlarının,pabuclarının
ölçtürmemişmişiz,ölçtürmemişmişiz
sikiyorum,sikiyorum
ittirtilecek olacakmışım,ittirtilecek olacakmışım
hava atmazdın,hava atmazdın
ekşimeyecektim,ekşiyecektim
süspansuarı,süspansuarı
yenici deyiminize,yenici deyiminize
çiçeydik,çiçeydık
yaptırıyor olmalı mıydık,yapırıyor olmalı mıydık
artçı sarsıntılarmışım,artçı sarsıntılarmışım
karmaşık sayıymış,karmaşık sayın
can vermeli miyiz,can vermeli miyiz
bekleyecekmişim,bekleyecekmişim
cüzzamlarda,cüzzamlarda
vapurduk,vapurduk
kıskanacak olacakmışsınız,kıskanacak olacakmışsınız
beyaz eşyayız,beyaz eşyayız
ittiriyor olacak mıymışsınız,ittiriyor olacak mıymışsınız
daldırmak,daldırmak
darılıyor olmamalı mıyım,darılıyor olmamalı mıyım
iğrenmemiş miydiniz,iğrenmemiş miydiniz
utanıyor olur muydu,utanıyor olur muydu
sümürmez,sümürmez
kasmadık mı,kasmadık mı
gezmediydim,gezmediydim
çıngırağı çekmemeli mi,çıngırağı çekmemeli mi
yaptırmış olacak mıyım,yaptırmış olacak mıyım
haberleşiyor olmayacak mıydık,haberleşiyor olmayacak mıydık
gecikiyor olacağız,gecikiyor olacağız
göndermeyecekmişim,göndermeyecekmişim
geciktirtmez miyiz,geciktirtmez miyiz
havuzunuzdan,havuzunuzdan
çalgıları,çalıları
bunuyor olacak mıydık,bunuyor olacak mıydık
tanışmış olacaklardı,tanışış olacaklardı
âşıkmışız,âşıkmışız
yumuyor olmamalı mıydın,yumuyor olmamalı mıydın
bastonuna,bastonuna
sikişmiş olacaklardı,sikişmiş olacaktı
süt sağmış mıydınız,süt sağmış mıydınız
sinmemeli mi,sinmemeli mi
kimliğimizden,kimliğimizden
birleşmemiş miydin,birleşmemiş miydin
silkerdim,silkerdim
kürkünüze,kürkünüze
asmamelisiniz,asınız
sözcülerdik,sözcülerdik
alışıyor olmamalı mısınız,alışıyor olmamalı mısınız
duymamıştık,duymamıştık
kakın,kak
eşofmanında,eşofmanında
karnabaharlarınızda,karnabaharlarınızda
yerleşmiyor muymuşsunuz,yerleşmiyormuşsunuz
yorgun değilmişsiniz,yorgun değilmişsiniz
meşalelerdi,meşalelerdi
çıldırttım mı,çıldırttım mı
kızlıklarından,kızlıklarından
içerecek olacak mısınız,içerecek olacak mısınız
agnostisizmleri,agnostisizmleri
kaynaştırılmamalı mıymışsın,kaynaştırmamalı mıymışsın
kovmeli miyiz,kovmeli miyiz
gözlemeyecektim,gözlemeyecektim
yitmezmişiz,yitmezmişiz
soluyor olmalısın,soluyor olmalısın
konmameli misiniz,konmameli misiniz
buharlaşmıyordun,buharlaşmıyordun
çökertmemişler mi,çökertmemişler mi
kaynamayacaktın,kaynamayacaktın
kaynıyor olmalı mıyız,kaynıyor olmalı mıyız
aldırmam,aldırmam
içli köftenizde,içli köftenizde
ittirtiliyor olmalıyım,ittirtiliyor olmalıyım
kuvvetsizlikte,kuvvetsizlikte
asmamışlar mı,asmamışlar mı
acıktırtıyormuş,acıktırtıyormuş
göçmeyecekmişim,göçmeyecekmişim
otostopçularda,otostopçularda
sosisli sandviçde,sosisli sandviçte
acıkmış olacağız,acıkmış olacağız
yenilmeliyim,yenilmeliyim
aktörlerinden,aktörlerinden
dövmüyorlarmış,dövmüyorlarmış
alındırtmış mıydım,alındırtmış mıydım
sevmeyeceğiz,seveceğiz
kopmamış mıydın,kopmuş muydun
geriyormuş,geriyormuş
teoreminiz,teoreminiz
gecikmedi mi,gecikmedi mi
cümlelerdin,cümlelerdin
yaptırır olmayacakmışsınız,acıktırır olmayacakmışsınız
eğdiydim,eğdiydim
kesende,kesende
öksürür olmayacaklarmış,öksür olmayacaklarmış
bilyemizin,bilyemizin
düklerimize,düklerimize
boşalmameliler mi,boşalmameliler mi
yendirtmemiş miydi,yendirtmemiş miydi
dedikodu yapmamış mıydım,dedikodu yapmamış mıydım
öğrenmedi mi,öğrenmedi mi
işliyor olmalı mıymışsınız,işliyor olmalı mıydınız
bayılır olacakmışız,bayılır olacakmışız
vurmadım mı,vurmadım mı
döndürüyor olmayacak mıydınız,döndüruyor olmayacak mıydınız
bıkıyor olmaz mıydık,bıkıyor olmaz mıydık
okumuyordun,okumuydun
soğurmadıydınız,soğurmadğınız
sunuluyor olmayacaklar,sunuluyor olmayacaklar
yeterliklerinin,yeterliklerinin
kırılır olmayacak mıymış,kırılır olmayacak mıymış
birleşmediydiniz,birleşmediydiniz
deliyor olacak mıyım,deliyor olacak mıyım
rahatsızlanıyor olacak mıydım,rahatsızlanıyor olacak mıydım
tartıyor olmamalı,tartıyor olmamalı
yontulursun,yontulursun
tıkmış olmayacağız,tıkmış olmayacağiz
silmemişlermiş,silmemişlermiş
getirmiyor muyum,getirmiyor muyum
boy ölçüşmemeliler mi,boy ölçüşmemeliler mi
abartıyor olmalıydın,abartıyor olmalıydın
terlikleri,terlikleri
katılaşıyor olmamalı mıymışız,katılaşıyor olmamalı mıymışız
hava atıyor olurdum,hava atıyor olurdum
sümürmüyor muyum,sümürmüyor muyum
yuvalarımız,yuvalarımız
çatmayacaktın,çatmayacaktın
kaçıracak mısın,kaçirecek misin
kızmayacak mıyız,kızmayacak mıyız
titremeyecekti,titremeyecekti
değişiyor olmayacaklar mıydı,değişiyor olmayacaklar mıydı
fotoğraf çekerler mi,fotoğraf çekerler mi
bohçalarımız,bohçalarımız
komikleşiyor olmalı mısın,komikleşiyor olmalı mısın
düşmeli miymişiz,düşmeli miymişiz
soluyor olacaksınız,soluyor olacaksınız
tiplerinizden,tiplerinizden
çarmıha geriyor olmalı mıydık,çarmıha geriyor olmalı mıydık
İngilizceleştiriyor olmamalı mısınız,İngilizceleştiriyor olmamalı mısınız
yılan hikâyelerine,yılan hikâyelerine
doğruculuğuna,doğruculuğuna
öldürtülecekmişsiniz,öldürtülecekmişsiniz
mimari desenlerinden,mimari desenlerinden
kolikandan,kolikandan
dövüyor muymuşum,dövüyor muymuşum
laçolarımız,laçolarımız
hemzemin geçidinin,hemzemin geçidinin
kozmonotunuzdan,kozmonotunuzdan
diyor mu,diyor mu
sığmalıymışız,sığmalıymışız
salamız,salamız
kusmayınız,kusmayınız
sarılacak olacak mıymışız,sarılacak olacak mıymışız
ölümsüzleştirirdim,ölümsüzleştirirdim
yummameli misiniz,yummameli misiniz
aşık oluyor olmamalıyız,aşık oluyor olmamalıyız
aşık oluyor olacak mıydım,aşık oluyor olacak mıydım
zarfları,zarflar
boyacıda,boyacıda
büyümüş olmayacak mısınız,büyümüş olmayacak mısınız
süzecek olacak mıyım,süzecek olacak mıyım
kulağını bükmüş olmayacaktım,kulağını bükmüş olmayacaktım
karıştırmazdınız,karıştırmazdınız
kullanılıyor olmayacaklar,kullanılıyor olmayacaklar
cinsellikleri,cinsellikleri
damlamamışım,damlamamışım
hamburgerinizde,hamburgerinizde
dalgalanmış olmayacak mıydık,dalgalanmış olmayacak mıydık
levreklerimizi,levreklerimizi
havadan karaya füzenizi,havadan karaya füzenizi
çökermiş olacak mıydın,çökermiş olacak mıydın
hayalî arkadaşının,hayalî arkadaşının
barış çubuklarına,barış çubuklarına
düşünecektin,düşünecektin
kullanmıyor musunuz,kullanmıyor musunuz
enfeksiyonda,enfeksiyonda
aldırtacakmışsınız,aldırtacakmışsınız
dalmamış mıymışım,dalmamış mıyım
şaşırttırmaz,şaşırttırmaz
sümürmedi miydin,sümürmedi miydin
değişiyor olacak mıydınız,dışıyor olacak mıydınız
çürümüş olacaktın,çürümüş olacaktın
öldürüyor olacak mıydık,öldürüyor olur muyduk
tarayacak olacak mıyım,tarayacak olacak mıyım
attırmadı mıydın,attırmadı mıydın
uğratılmaz mıymışsın,uğratilmaz mıymışsın
alkışımızın,alkışımızın
kaynaştırtmaz mıydınız,kaynaştırtmaz mıydınız
çalışıyor olmayacaktık,çalışıyor olmayacaktık
müşterilerdim,müşterilerdim
kapı yapmazmışız,kapı yapmazmışız
yalvarmayacakmışım,yalvarmayacakmışım
verdirmiş olacak mıyım,verdirmiş olacak mıyım
bakıcılarsın,bakıcılarsın
birleştirir olacak mıymışsınız,birleştirir olacak mıymışsınız
tutmuş olmayacaktınız,tutmuş olmayacaktınız
öpüşmemeliler mi,öpüşmemeliler mi
üşüyor olacak mıydık,üşüyor olacak mıydık
kullanıyor musunuz,kullanıyor musunuz
bükülür müydün,bükülür müydün
sanmeli miyim,sanmeli miyim
sik kafada,sik kafada
canlanmayacak mıyım,canlanmayacak mıyım
taşıyor olmamalı mıyız,taşıyor olmamalı mıyız
toplayacaklar mıymış,toplayacaklar mıymış
bıçaklarımıza,bıçaklarımıza
caminde,caminde
iğreniyor olmaz mıydık,iğreniyor olmaz mıydık
kurbağalamalarının,kurbağalamalarının
ettirmiş olmayacak mısınız,ettirmiş olmayacaksınız
göçer misin,göçer misin
uyarır olmayacakmışsın,uyarır olmayacakmışsın
irdeler olmayacak mıymış,irdelir olmayacak mıymış
zaferdi,zaferdi
kullanılmamıştı,kullanılmamıştı
kenarlarınızda,kenarlarınızda
videomuzdan,videomuzdan
midyenden,midyenden
sattırtıyor olmayacaklardı,sattırtıyor olmayacaklardı
burkacak mıymışsın,burkar mıymışsın
itiliyor olmamalıymışız,itiliyor olmamalıymışız
Mogadişulularından,Mogadişulularından
beyitlerinden,beyitlerinden
aşıyor olmazlardı,aşıyor olmazlardı
dış ağımızdan,dış ağımızdan
gerinecek olacak mısın,gerinecek olacak mısın
otuz bir çekmeyecek miydin,otuz bir çekmeyecek miydin
hazcılıklarından,hazcılıklarından
sürünmüyor musunuz,sürünmüyor musunuz
yoldurmamalıymışsın,yoldurmamalıymışsın
çizmeciyiz,çizmeciyiz
atıştırıyor olmamalı mıymışsın,atıştırıyor olmamalı mıymışsın
gücenecek olacak mıyız,gücenecek olacak mıyız
geliştiriyor muymuşsun,geliştiriyor muymuşsun
rahmetli olur mu,rahmetli olur mu
saldırıyor olmamalı mıymışız,saldırıyor olmamalı mıymışız
anlatmamış mı,anlatmamış mı
cinsel tercihte,cinsel tercihte
baydık,baydık
yolunmuş muymuşum,yolunmuş muymuşum
batıyormuşsunuz,batıyormuşsunuz
öldürtülüyor olurlar mıydı,öldürtülüyor olurlar mıydı
güzelleştirecekti,güzelleştirecekti
hastalanıyor olmayacak mıydık,hastalanıyor olmayacak mıydık
kirletiyor olurlar mıydı,kirletiyor olurlar mıydı
gözlüyor olmalıydım,gözlüyor olmalıydım
İngilizceleştirmemişim,İngilizceleştirmemişim
bitirtmişler,bitirtmişler
coşuyor olmamalı mıyım,coşuyor olmamalı mıyım
fevt olmazlar mıydı,fevt olmazlar mıydı
bıkıyor olmayacağım,bıkıyor olmayacağım
ağlamamışmış,ağlamamışmış
söz vermişim,söz vermişim
doymamış,doymuş
yağar mısın,yağar mısın
dağıtımlarımız,dağıtımlarımız
ürümemiş miymişsin,ürümemiş miymişsin
erdemli değilsiniz,erdemli değilsiniz
baldızınızın,baldızınız
canlanmış mısınız,canlanmış mısınız
taşıyor olurlar mıydı,taşıyor olurlar mıydı
nefes almış olmayacak mı,nefes almış olmayacak mı
kışkırtacak olacak mısın,kışkırtacak olacak mısın
bildirmeyecek misin,bildirmeyecek misin
sürünüyor olurduk,sürünüyor olurduk
fortladı mıydınız,fortladı mıydık
yaptırtmamış mıymışsınız,yaptırtmamış mıymışsınız
sekmezler mi,sekmezler mi
yetersizliklerimize,yetersizliklerimize
uçuyor olmayacaktın,uçuyor olmayacaktın
otostopçularmışsınız,otostopçularmışız
uyuyor olmamalı mıydın,uyuyor olmamalı mıydın
cezalandıracak olmayacak mıymışsın,cezalandıracak olmayacakmışsın
sunmaz mıyız,sunmaz mıyız
tarayacak olacak mıyız,tarayacak olacak mıyız
getirecek olmayacak mıymışsınız,getirecek oltacak mıymışsınız
misketlersin,misketlersin
itilmemişim,itilmemişim
zaferine,zaferine
ördü müydük,ördü müydük
bükülecek olacakmışım,bükülecek olacakmışım
sığıyor olmaz mıydı,sığıyor olmaz mıydı
tüyümüzün,tüymüzün
kırdırırız,kırdırız
oturmazmışsınız,oturmazmışsınız
güneş dışı gezegenlerimize,güneş dışı gezegenlerimize
haçlarından,haçlarından
piskoposlarınızda,piskoposlunuzda
fortlayacakmışsınız,fortlayacakmışsınız
konmadıydım,konmadıydım
kakmamışlarmış,kakmamışlarmış
dürmemeliyim,dürmemeliyim
kaybolmalı mıydık,kaybolmalı mıydık
verdirtmemiş,verdirtmemiş
kaynaştırmak,kaynaştırmak
heyecanlanıyor olacaktınız,heyecanlanıyor olacaktınız
askerimizden,askerimizden
sapmadıydık,sapmadıydık
azmış olmayacaklar mıydı,azıcılar mıydı
depresyonlarda,depresyonlarda
yolundurtmamalı mıymışsın,yolundurtmameli miymişsin
sönmemeli miyim,sönmemeli miyim
cezalandırmadıydım,cezalandırmadıydım
duş alıyor olmalıymışsınız,duş alıyor olmalıymışsınız
yalvarmış olmayacağız,yalvarmış olmayacağız
giyiyor olacak mıydık,giyiyor olacak mıydık
nişanlınızın,nişanlınızın
deliriyor olmalıymışsınız,deliriyor olmalıymışsınız
boğmadıydım,boğmadıydım
aldırtıyorlar,aldırtıyorlar
lavaşlarda,lavaşlarda
sızacağım,sızacağım
yoksullaştırıyor musun,yoksullaştırıyor musun
pisletmez miydi,pisletmez miydi
fakirleştirmemişler miydi,fakirleştirmemişler miydi
katılaştı,katılaştı
kopacak olacaklar mı,kopacak olacaklar mı
kısacak olmayacak mıyım,kısacak olmayacak mıyım
ellemiş olmayacaktınız,ellemiş olmayacaktınız
geciktirtmediydik,geciktirtmediydik
batmayacak mıyız,batmayacak mıyız
bezmiyorduk,bezmiyorduk
karar vermemeli misiniz,karar vermemeli misiniz
ölçüşmemişti,ölçüşmemişti
çıkmaz sokağınızdan,çıkmaz sokağınızdan
bilek güreşlerinde,bilek güreşlerinde
ayarlatmayacaklar mıymış,ayarlatmayacaklar mıymış
pimleriz,pimleriz
pandaları,pandaları
süser olacakmışız,süser olacakmışız
susar mıyım,susar mıyım
giysinde,giysinde
büktürüyor olmazlardı,büktürüyor olmazlardı
açılmeliyim,açılmeliyim
verilir miymişsin,verilir miymişsin
bıkıyor olmalıydınız,bıkıyor olmalıydınız
sinmeyecek miyiz,sinmeyecek miyiz
atılmaz mıydı,atılmaz mıydı
bir avuç toprak olmuyorlar mıydı,bir avuç toprak olmuyorlar mıydı
sermezmişiz,sermezmişiz
büktürtülmemeliler miydi,büktürtülmemeliler miydi
yenilir miymişim,yenilir miymişim
buluyormuşsunuz,buluyormuşsunuz
derste,derste
satılmayacak mıydın,satılmayacak mıydın
kasmış olacaktı,kasış olacaktı
mandalinasının,mandalinesinin
örecek olacaklar mı,örecekler mi
kalmış olmayacak mısın,kalmış olmayacak mısın
tıraş olmamış mıymışsın,tıraş olmamış mısın
geciktirmez miyiz,geciktirmez miyiz
dağıtmış olmayacaktınız,dağıtmış olmayacaktınız
ısırıyormuş,ısırıyormuş
süner misiniz,süner misiniz
boy ölçüşmüşüm,boy ölçüşün
otostopta,otostopda
gözlemem,gözlemem
manaymışız,manaymışız
gizlemeyeceklermiş,gizlemeyeceklermiş
serperdim,serperdim
hata yapar mısın,hata yapar mısın
fibrinojeni,fibrinojeni
aygırında,aygırında
sapmamış mıydık,sapmamış mıydık
kalpaklarınızdan,kalpaklarınızdan
ombudsmanlarında,ombudsmanında
acıtmamış mı,acıtmamış mı
burkuyor olmaz mıydın,burkuyor olmaz mıydın
kaybolmuş olacak mıyım,kaybolmuş olacak mıyım
bal kabaklarında,bal kabaklarında
kıskanıyor olmayacakmışsın,kıskanıyor olmayacakmışsın
fakirleştirmemeliymişsiniz,fakirleştirmemeliymişsiniz
kış uykusuna yatmıyorlar,kış uykusuna yatmıyorlar
evcikkıranlardınız,evcikkıranlardınız
yolundurtuyor olmalı mıydım,yolundurtuyor olmalı mıydım
süründürtür olacakmış,süründürter olacakmış
bulmamıştın,bulmamıştın
göçmüyorlarmış,göçmuyorlarmış
çimkeniz,çimkeniz
bir avuç toprak oluyor olmamalıydınız,bir avuç toprak oluyor olmamalıydınız
bulunuyor olmamalıydım,bulunuyor olmamalıydım
öldürtürler mi,öldürtürler mi
soğuracak olacak mıyım,soğuracak olacak mıyım
üstesinden gelmemeli misiniz,üstesinden gelmemeli misiniz
katillerdik,katillerdik
yaptırıyor olmalı mıymışsın,acıktırıyor olmalı mıymışsın
donduracak mı,donduracak mı
zartayı çekiyoruz,zartayı çekiyoruz
çıtta,çıtta
geliştirmiş olacaksınız,geliştirmiş olacaksınız
kaynaştırılıyor olacak mıydık,kaynaştırılıyor olacak mıydık
yoldurtmayacaktın,yoldurtmayacaktın
beneğinin,bineğinin
savaştı,savaştı
çökeleklermişsiniz,çökeleklermişsiniz
gelmiyordum,gelmiyordum
kurtarmış olacak mıydım,kurtarmış olacak mıyım
kokluyorum,kokluyorum
seçilir olacak mıymışsınız,seçilir olacak mıymışsınız
ittirmiş olmayacaklar,ittirmiş olmayacaklar
sayacak olacak mısınız,sayacak olom musunuz
uyarıyor olacağım,uyarıyor olacağım
cavlağı çekiyor,cavlağı çekiyor
bazaltta,bazaltta
tanıma,tanıma
maşalarımızı,maşalarımızı
itilmemelisin,itilmemelisin
arar mıydın,arar mıydın
gerekiyor olurduk,gerekiyor olurduk
ekşiyecektiniz,ekşiyecektiniz
çizecek miymişsin,çizecek miymişsin
itildilerdi,itildilerdi
dağıtmamıştık,dağıtmamıştık
ayıracak olacak mıymışım,ayıracak olacak mıymışım
nefes aldırmamıştık,nefes aldırmamıştık
şamarladık mı,şamarladık mı
yarar mıymışsın,yarar mıymışsın
taktı,taktı
yoldurmalıydı,yoldurmalıydı
bildirir olacakmış,bildirir olacakmış
köpürüyor olmamalı mıymışız,köpürüyor olmamalı mıymışız
iç ağınızı,iç ağınızı
mesuliyetlerde,mesuliyetlerde
çürüyor olmalıyım,çürüyor olmalıyım
lezbiyenimizden,lezbiyenimizden
dolmaz mıydı,dolmaz mıydı
kazıyormuşsunuz,kazıyormuşsunuz
diyeceklerdi,deyeceklerdi
dememiş miydi,dememiş miydi
yasaklarında,yasaklarında
kanmıyorlar,kanmıyorlar
öfkelendiriyor olacak mıymışım,öfkelendiriyor olacak mıymışım
sürtüyor olmalıyım,sürtüyor olmalıyım
izliyor olmalılardı,izliyor olmalılardı
gizleniyor olmamalıyız,gizleniyor olmamalıyız
ceylanında,ceylanında
değiştiriyor olmalıydınız,değiştiriyor olmalıydınız
kırdırmayacaktı,kırdırmayacaktı
sarılmamalıymışsınız,sarılmamalıymışsınız
sürülmemiş miymişsiniz,sürülmemiş miymişsiniz
mutfakta,mutfakta
enjeksiyonlarında,enjeksiyonlarında
baytarlarından,baytarlarından
gelişmişmişsin,gelişmişsin
zartayı çekmiş olacaktınız,zartayı çekmiş olacaktınız
sınıyor olmalıydın,sınıyor olmalıydın
adamınızda,adamınızda
düzüyor olmalı mıydık,diziyor olmalı mıydık
zağarlarmışsınız,zağarlarmışız
bürüyor muymuşsun,bürüyor muymuşun
programlatmamış mıymışım,programlatmış mıymışım
atışıyor olmamalı,atmışın
uyumuyorduk,uyumuyorduk
dağılmayacak mıyım,dağılmayacak mıyım
eğlenmişsin,eğlendin
onamış olmayacak mıydık,onamış olmayacak mıyız
eriyorlar,eriyorlar
karıştıracak olacak mısınız,karıştıracak olacak mısınız
dağıtacak mı,dağıtacak mı
küstülerdi,küstülerdi
yalamameliler mi,yalamameliler mi
buluyor olmamalıydım,buluyor olmamalıydım
çakalınızın,çakalınızın
kanıtlıyor olmaz mıydın,kanıtıyor olmaz mıydın
diziyor olurdu,diziyor olurdu
ayrımcılığının,ayrımcılığının
çarmıha germe,çarmıha germe
yağlamadı mı,yağlamadı mı
hastalıkta,hastalıkta
sürüleceğim,sürüleceğim
çarmıha geriyor olacak mıydık,çarmıha geriyor olacak mıydık
yıldırımına,yıldırımına
ekşitmemişmişiz,ekşitmemişmişiz
kurulunda,kurulunda
çakılınızdan,çakılınızdan
vermemeli miymişsiniz,vermemeli miymişsiniz
çizmiş olacaksınız,çizmiş olacaksınız
kuvvetinizin,kuvvetinizin
eşzamanlı dönüşümüzün,eşzamanlı dönüşümüzün
üzüyormuşuz,üzüyormuşuz
kompleks sayısı,kompleks sayısı
forumdaşlarında,forumdaşlarında
yanıt vermiyorsun,yanıt vermiyorsun
kusmamış mıydın,kusmamş mıydın
süslerdik,süslerdik
haberleşmediydik,haberleşmediydik
çıldırtıyor,çıldırtıyor
gülünçleşmemiş miydiniz,gülünçleşmemiş miydiniz
çalışıyor olmayacak mıydı,çalışıyor olmayacak mıydı
sevişiyor olmayacağım,sevişiyor olmayacağım
eğleniyor olmalıydın,eğleniyor olmalıydın
can veriyor olmayacak mıydınız,can veriyor olmayacak mıydınız
katılaşmamış mıydınız,katılaşmamış mıydınız
çizgili sineğinde,çizgili sineğinde
giymediniz mi,giymediniz mi
yaptırtmış olacaktın,yaptırtmış olacaktın
kaynaştırtmelisin,kaynaştırtmelisin
soyuyor olmayacaklar mıydı,soyuyor olmayacaklar mıydı
kurtarmamış mıydı,kurtarmamış mıydı
çıldırtmadılar mı,çıldırtmadılar mı
tatlılarımız,tatlılarımız
dövüyor olmayacakmışım,dövüyor olmayacakmışım
ilginç değil miydiniz?,ilginç değil mi?
tozlardınız,tozlardınız
öpüşüyor,öpüşüyor
delmem,delmem
yapıyor olmayacaktık,yapıyor olmayacaktık
şaşıyor olurdu,şaşıyor olurdu
temsilcinden,temsilcinden
güvenmeyecek miymişsiniz,güvenmeyecek miymişsiniz
kirletiyor olmaz mıydık,kirletiyor olmaz mıydık
itiliyor olmalıydım,itiliyor olmalıydım
abartmadım,abartmadım
aikidolarınızdan,aikidolarınızdan
dirilir olmayacak mıymış,dirilir olmayacak mıymış
bozuyor olmalıyız,bozuyor olmalıyız
çalgılardı,çalgılardı
yendirmeliyiz,yendirmeliyiz
yaptırtmış olmayacak mıydı,yaptırtmış olmayacak mıydı
tükürmüş olmayacak mıydı,tükürmüş olmayacak mıydı
eskimeliyiz,eskimeliyiz
köpürtmemeliymişsiniz,köpürtmemeliymişsiniz
bozar mıymışız,bozar mıymışız
kullanacakmışsınız,kullanacakmışsınız
sanıyor olmalı mıydın,sanıyor olmalı mıydın
şamarlıyor muymuşsunuz,şamarıyor muymuşsunuz
ölmeyecekmiş,ölmeyecekmiş
duruyor olacaktınız,duruyor olacaktınız
yazar,yazar
sayacak olacak mıymışım,sayacak olacak mıymışım
çağıracaklar mı,çağıracaklar mı
köpürmez miymişsin,köpürmez miymişsin
barışları,barışları
ısınıyor olmalı mı,ısınıyor olmalı mı
sanıyor muymuşum,sanıyor muymuşum
sağmamış mıydın,sağmış mıydın
sabit diskinin,sabit diskinin
Hakk'ın rahmetine kavuşmamış mıydı,Hakk'ın rahmetine kavuşmamış mıydı
gafletlerinizden,gafletlerinizden
kılıflara,kılıflara
inanacak olacaklar mı,inanacak olacaklar mı
acıktırmayacakmış,acıktırmayacakmış
birleştiriyor olmamalı mıymışsın,birleştiriyor olmamalı mıymışsın
bekletecek olmayacak mı,bekletecek olmayacak mı
sikişiyormuşuz,sikişiyormuşuz
mezarlıklarmışız,mezarlıkmışız
özlemlerimiz,özlemlerimiz
yıkayacak mı,yıkayacak mı
canlandırıldı mıydınız,canlandırıldı mıydık
üzmemişmişiz,üzmemişmişiz
kuralımızın,kuralımızın
katılmameli mi,katılmameli mi
kılığınızdan,kılığınızdan
tıraş olmuş olacaktınız,tıraş olmuş olacınız
ilginçmişim,ilginçmışım
yetiştirmemelisin,yetiştirmemelisin
kraliçe arılarda,kraliçe arlarında
ekstremumlara,ekstremumlara
paylaştırmandan,paylaştırmandan
ayrılmalı mıymış,ayrılmalı mıymış
aşık atıyordun,aşık atıyordun
bataryalardın,bataryalardın
gerekmiyormuşsunuz,gerekmiyormuşsunuz
acıktırtıyor olacak mıydım,yaptırtıyor olacak mıydım
atılmaz,atılmaz
paylaşıyor olmayacaktınız,paylaşıyor olmayacaktınız
sözcünüzü,sözcünüzü
orta yaş krizlerinde,orta yaş krizlerinde
büyüyor muydun,büyuyor muydun
atmameli miyiz,atmameli miyiz
canlandırılmalı mıymışsınız,canlandırılmalı mıymışsınız
tornavidandan,tornavidandan
sindiriminize,sindiriminize
yaymış olacaksınız,yaymış olacaksınız
jeolojilere,jeolojilere
çölünde,çölünde
cumhurlarmış,cumhurlarmış
sahiplerimize,sahiplerimize
öldürmediler miydi,öldürmediler miydi
kapı yapıyor olmalılardı,kapı yapıyor olmalılardı
köpürtür olacakmışsın,köpürtür olacakmışsın
kaynaştırmıyor musunuz,kaynaştırmıyor musunuz
dizeleri,dizeleri
seks yapmaz mıymışsın,seks yapmaz mıymışsın
yontuluyor olmayacak mıydık,yontuluyor olmayacak mıydık
fotoğraf çekmemiş miymişim,fotoğraf çekmemiş miyim
sığmamış mı,sığmamış mı
takmadım mı,takmadım mı
soğuyor olmamalıydım,soğuyor olmamalıydım
acıktırtıyor olmayacağım,acıktırtıyor olmayacağım
acıktırtmayacağım,acıktırtmayacağım
büktürmeyecek miydin,büktürmeyecek miydin
taklitlerinizde,taklidlerinizde
utanıyor olmalı mıydık,utanıyor olmalı mıydık
solumuşlar,solumuşlar
patlamış olmayacağız,patlamış olmayacağız
arzularımızı,arzularımızı
savaşıyor olur muydunuz,savaşıyor olur muydunuz
düşmanlarmışsın,düşmanlarmışım
yapmış olmayacak mıydı,yapmış olmayacak mıydı
sattırtmamış,sattırtmamış
çevirmiyordun,çevirmiyordun
uğratıyor olmamalılar mı,uğratıyor olmamalılar mı
kaynamadın,kaynamadın
bıçaklamazmışsınız,bıçaklamazmışsınız
doğururlar mı,doğirirler mi
yendirtmediniz mi,yendirtmediniz mi
şişmezler mi,şişmezler mi
mügelermişim,mügelermişim
mezarlıklara,mezarlıklara
büktürürler mi,büktürürler mi
avcı sineğine,avcı sineğine
gülünçleşir olmayacakmışsın,gülünçleşir olmayacakmışsın
katılaşıyor muymuşsunuz,katilaşıyor muymuşsunuz
ispatlamamış mıymışsın,ispatlamamış mıymışsın
canlanmayacak olacaklar mı,canlanmayacak olacaklar mı
fakirleştirecekmişsiniz,fakirleştirecekmişsiniz
solucanlarından,solucanlarım
çıldırtmameli misiniz,çıldırtmameli misiniz
ateşe veriyor olmalı mı,ateşe veriyor olmalı mı
yaptırtacağım,yaptırtacağım
yumuyor muymuşuz,yumuyor muymuşuz
barışır mısınız,barışır mısınız
alışıyor olacaktın,alışıyor olacaktın
şelalemizden,şelalemizden
ilkelerinden,ilkelerinden
çalmış olacak mısın,çalmış olacak mısın
dadanmış olmayacak mısınız,dadanmış olmayacak mısınız
kaynamamalı mıymışsınız,kaynamamalı mıymışsınız
gidilmeyecek miydin,gidilmeyecek miydin
tıklar mıyım,tıklar mıyım
yedirecek olacak mıyım,yedirecek olacak mıyım
ittirtilirdi,ittirtilirdi
firavununuzu,firavununuzu
ekşimiş olmayacaklar,ekşimiş olmayacaklar
altdilinize,altdilinize
yayın,yayın
görüyor olmayacak mıydınız,görüyor olmayacak mıydınız
Mogadişuluları,Mogadişuluları
bıçaklıyor olacak mıydım,bıçaklıyor olacak mıydım
onarmamıştınız,onarmamıştınız
bilmiş miydiniz,bilmiş miydiniz
nefes aldırtıyor olmazdım,nefes aldırtıyor olmazdım
aldatmayacak mısın,aldatmış mısın
satıyor olmalıydım,satıyor olmalıydım
kurallarının,kurallarının
boyuyor olmalılardı,boyuyor olmalılardı
osurur olmayacakmışız,osurur olmayacakmışız
sıçanınızın,sıçanınızın
yenildik mi,yenildik mi
kırdırtmazsın,kırdırtmam
saklanacak olacakmışsınız,saklanacak olacakmışsınız
eğilmediydiniz,eğilmediydiniz
temsilciliklere,temsilciliklere
birleştirtecek olacakmışız,birleştirtecek olacakmışız
girecek olmayacak mıymışsın,girecek miymişsin
klişelerdi,klişelerdi
parasızlıklarınızda,parasızlıklarınızda
silkmezdin,silkmezdin
cümlelermiş,cümlelermiş
papaz olmuş olmayacaklar mıydı,papaz olmuş olmayacaklar mıydı
karadullarımıza,karadullarımıza
bulaacak olacakmışsınız,bulacak olacakmışsınız
atışıyor olmayacaklardı,atışıyor olmayacaklardı
katılmeliler,katılmeliler
salmamalıymışsın,salmamalıymışsın
ayarlattıracak mıydım,ayarlattıracak mıydım
örtmediniz mi,örtmediniz mi
avokadolarından,avokadolarından
şaşıyor olmayacağız,şaşıyor olmayacağız
sözleşmelerinizde,sözleşmelerinizde
kazmış mıymışım,kazmış mıymışım
daldırmamış mıydım,daldırmış mıydım
utandıracak olacakmışsınız,utandıracak olacakmışsınız
giymez miymişsin,giymez miymişsin
gecikiyor olurduk,gecikiyor olurduk
postu deldirme,postu deldirm
insan-ı kâmillere,insan-ı kâmillere
sığıyor olacaktınız,sığıyor olurdunuz
uçuyor olur muydu,uçuyor olur muydu
umuru,umuru
uğratmaz mıymışım,uğratmaz mıymışım
ahizelerimizi,ahizelerimizi
şuurlarınızda,şuurlurunuzda
şaşılırdınız,şaşılırdınız
nalları dikiyor musun,nalları dikiyor musun
ekstremumunun,ekstremumunun
yalvarıyor olmayacak mıydım,yalvarıyor olmayacak mıydım
seks yapmamıştı,seks yapmamıştı
uluyor olmamalıydınız,uluyor olmamalıydınız
yerecekler miymiş,yerecekler miymiş
sekmez miydim,sekmez miydim
sınırı,sınırı
atırıyor olmayacakmışsın,attırıyor olmayacakmışsın
güzelleştirmiş olmayacaklar mıydı,güzelleştirmiş olmayacaklar mıydı
laternamızdan,laternamızdan
binecek miymişsin,binecek miymişsin
saydırmazdın,saydırmazdın
gözlemiş olmayacaklar,gözlemiş olmayacaklar
yerlermişsiniz,yerlermişsiniz
fevt olmaz mıyız,fevt olmaz mıyız
irdelemeyecek,irdelemeyecek
götürmemeli misin,götürmemeli misin
kafes bileşiğinizi,kafes bileştinizi
deşecek olacakmışız,deşecek olacakmışız
ağlar mıydın,ağlar mıydın
heyecanlandırıyor olmayacaktın,heyecanlandırıyor olmayacaktın
havlu atmameliler mi,havlu atmameliler mi
güveniyor olacak mıydık,güveniyor olacak mıydık
çıngırağı çekiyor olmalısın,çıngırağı çekiyor olmalısın
buharlaşacakmışsınız,buharlaşacakmışsınız
bükecek,bükecek
satın almameli misin,satın almameli misin
atışmaz mıydı,atışmaz mıydı
peynirli pastası,peynirli pastası
büküyor musun,bükeyor musun
kıyıyor olmalı mıymışsın,kıyıyor olmalı mıymışsın
ölçtürtmüş olmayacak mıydık,ölçtürtmüş olmayacak mıydık
yardımcılardın,yardımcılardın
saklanıyor olmayacak mıydı,saklanıyor olmayacak mıydı
çatalınızı,çatalınızı
mastürbasyonda,mastürbasyonda
sapar olacak mıymışsınız,sapar olacak mıymışsınız
güttü müydünüz,güde miydiniz
soyar mıyım,soyar mıyım
mahzeniniz,mahzeniniz
karıştırmamış mı,karıştırmış mı
çiftmişiz,çifttik
işitmemeli miymişsin,işitmemeli miymişsin
süt sağmeliler mi,süt sağmeliler mi
birlikteliğinde,birlikteliğinde
taklitçi oluyor,taklitçi oluyor
makyaj yapıyor olmayacak mıydım,makyaj yapıyor olmayacak mıydım
binmiş mi,bindi mi
kaşıyor olacaktın,kaşıyor olacaktın
zağarınız,zağarınız
salmazlar mıydı,salmazlar mıydı
kırdırır mıymışsın,kırdırır mıymışsın
sapanız,sapanız
uyanmadıydım,uyanmadıydım
ilerletiyor olmayacaklardı,ilerletiyor olmayacaklardı
keser olacakmışım,keser olacakmışım
kapamalardık,kapamalardık
pisletmemiştin,pisletmemiştin
uğratılmamış mıymışsın,uğratılmış mıymışsın
yolunduruyor olmayacak mıydı,yolunduruyor olmayacak mıydı
gününün,gününün
yontmuş olmayacaktım,yontmuş olmayacaktım
bükülmeliymişsiniz,bükülmeliymişsiniz
seslenmişti,seslenmişti
kış uykusuna yatmış olacaktın,kış uykusuna yatmış olacaktın
çıkmaz sokağında,çıkmaz sokağında
atıştırmayacaksın,atıştırmayacaksın
cezalandırır mıydın,cezalandırır mıydın
bitirmiş olacağız,bitirmiş olacağız
çatmamış mıydım,çatmamış mıydım
yontuluyor olmalıydın,yontuluyor olmalıydın
acıkacaktın,acıkacaktın
eğitmez miymişsin,eğitmez miymişsin
eğilmiş miydiniz,eğilmiş miydiniz
kazmıyorlar mıymış,kazmıyorlar mıymış
veterinerinize,veterinerinize
öğreniyor olmayacak mıydınız,öğreniyor olmayacak mıydınız
kapmış mıydı,kapmış mıydı
nedeninde,nedeninde
bağlamış olmayacak mısınız,bağlamış olmayacak mısınız
kakacak olmayacak mıymışsınız,kakacak olmayacak mıymışsınız
geciktiriyor olmalıydınız,geciktiriyor olmalıydınız
kıyafetmişiz,kıyafetmişiz
dolmadıydınız,dolmadğtınız
karıştıracaktık,karıştıracaktık
boşalmışım,boşalmışım
alışmamış mıyız,alışmamış mıyız
bıkıyor olacağım,bıkıyor olacağım
ispatlıyor olacak mısın,ispatlıyor olacak mısın
gülünçleşmemiş miydin,gülünçleşmemiş miydin
bıkacak olacakmışsınız,bıkacak olacakmışsınız
hareket ediyor olmamalıyım,hareket ediyor olmamalıyım
seks yapacak olacakmışım,seks yapacak olacakmışım
dondurmalı mıymışsın,dondurmalı mıymışsın
fotoğraf çekiyor olmalıydın,fotoğraf çekiyor olmalıydın
sattırtmış olmayacak mısın,sattırtmış olmayacak mısın
kuruyor olmamalıydım,kuruyor olmamalıydım
sararıyor,sararıyor
söyleşiniz,söyleşiniz
dayıyor olmamalı,dayıyor olmamalı
gelinmemişmiş,gelinmemişmiş
heyecanlandırtacak olmayacağım,heyecanlandırtacak olmayacağım
volkanınızda,volkunuzda
kavunlara,kavunlara
sitelerinde,sitelerinde
kazanıyor olmamalı,kazanıyor olmamalı
kapamadılar mıydı,kapamadılar mıydı
koyulaşmış mıymışım,koyulaşmış mıymışım
buharlaşmayacağız,buharlaşmayacağız
alındırmazsın,çırmazsın
kimyasal tepkimenizi,kimyasal tepkimenizi
yıkamıyorlar mıymış,yıkamıyorlar mıymış
gizleniyor olacaktın,gizleniyor olacaktın
kuyruğu titretiyor olmalıydınız,kuyruğu titretiyor olmalıydınız
sinematografınızdan,sinematografınızdan
toprak olurmuşuz,toprak olurmuşuz
barışmalıydın,barısmalıydın
mermilersiniz,mermisiniz
kaçacağız,kaçacağız
köpük belleğinden,köpük belleğinden
emmiymişler,emmiymiş
monoloğumuz,monologumuz
deviniyor olmamalıydın,deviniyor olmamalıydın
haberleşmez miydin,haberleşmez miydin
işçi,işçiyiz
yaratmış olmayacaktı,yaratmış olmayacak
yolunmuş olacak mısınız,yolunmuş olacak mısınız
sattırtmazlardı,sattırtmazlardı
gecikmişmişsiniz,gecikmişmişsiniz
parçalanmazdım,parçalanmazdım
isteecek olmayacakmışım,isteyecek olmayacakmışım
büküyor olmayacak mısın,büküyor olmayacak mısın
kullanılmamalı mıymışız,kullanılmamalı mıydık
canlandırmış olacaklar,canlandırmış olacaklar
süpürgeye,süpürgeye
boy ölçüşüyorlar mıymış,boy ölçüşüyorlar mıymış
sızıyor olacaklarmış,sızıyor olacaklarmış
boğar olacak mıymışız,boğar olacak mıymışız
vermiyor mu,vermiyor mu
cezalandırır olmayacaklar mıymış,cezalandırır olmayacaklar mıymış
interfazlarının,interfazlarının
kılmaz mısın,kılmaz mısın
gecikiyor olacak mısınız,gecikiyecek misiniz
örmezlerdi,örmezlerdi
cezalandırmalılar mıymış,cezalandırmalılar mıydı
karamelden,karamelinden
diferansiyel denklemini,diferansiyel denklemini
soğuruyor olmayacak mıyım,soğuruyor olmayacak mıyım
yabancı anahtarlarınız,yabancı anahtarlarınız
alırsınız,alarsınız
kullanılıyorsun,kullanılıyorsun
yörüngenin,yörüngenin
çürümüyor muymuş,çürümüyor muydu
sökmez miydin,sökmez miydin
sürünür müydük,sürüner miydik
kovuyor olacaktık,kovuyor olacaktık
buharlaşıyor olacak mısınız,buharlaşıyor olacak mısınız
cezalandırmayacaklardı,cezalandırmayacaklardı
hıçkırıklarınıza,hıçkırıklarınız
çıkarıyor olmalı mıymış,çıkarıyor olmalı mıymış
sekmeyecekmişsiniz,sekmeyecekmişsiniz
çarmıha germiş olacaktım,çarmıha germiş olacaktım
boşanır olmayacak mıymışsın,boşanır olmayacak mıymışsın
güveniniz,güvenmişsiniz
ermelilermiş,ermelilermiş
eriğini,eriğini
brokolilerinize,brokolilerinize
göndereceklermiş,göndereceklermiş
helikopterler,helikopterleri
sarılıyor olmayacaktım,sarılıyor olmayacaktım
istemcilersiniz,istemcilersin
bedevilerdi,bedevilerdi
objelermiş,objelermiş
sattırmelisiniz,sattırmelisiniz
işemiş olmayacak mıydım,işemiş olmayacak mıydım
yıpratmamışsın,yıpratmamışsın
penisilinlerinizi,penisilinlerinizi
nefes aldırtacaktım,nefes aldırtacaktım
ayakkabıymışlar,ayakkabıymış
canlandırıyor olmalıymışsın,canlırıyor olmalıymışsın
modelden,modelde
atılmış olmayacaksın,atılmış olmayacaksın
boz ayıymışlar,boz ayınız
ettirtmemeliydik,ettirtmemeliydik
atılır olmayacak mıymışsınız,atılır olmayacak mıymışsınız
süsmemeliydiniz,süsmemeliydiniz
kılın,kılının
sapmamalıydık,sapmamalıydık
ovmamalı mıydınız,ovmameli miydiniz
unutuyor olmamalıydın,unutuyor olmamalıydın
yolunduracak mıydık,yolunduracak mıydık
çıngırağı çekmemişiz,çıngırağı çekmemişiz
yağıyor olmazdı,yağıyor olmazdı
eğitimler,eğitimleri
dişleri,dişleri
zartayı çeker miydi,zartayı çeker miydi
can veriyor olmalıymışım,can veriyor olmalıydım
makaraları,makaraları
taklitten,taklidi
getirmemeli miydi,getirmemeli miydi
ellemişlerdi,ellemişlerdi
süzüyor olurdunuz,süzüyor olurdunuz
otuz bir çekermişim,otuz bir çekermişim
dalgalanıyor olacaklar,dalgalanıyor olacaklar
bir avuç toprak olmuşsunuz,bir avuç toprak olmuşsunuz
kalır olmayacak mıymışız,kalar olmayacak mıymışız
kanmış mıymış,kanmış mı
ejderhayım,ejderhayım
taklitçi olur muydunuz,taklitçi olur muydunuz
numaralamalarını,numaralamaları
sürüngeni,sürüngeni
yoldurtmamalı mıydınız,yoldurtmameli miydiniz
oyalamadılar,oyalamadılar
şaşılmadı mıydık,şaşılmadı mıydık
dövüyor olmayacaklar mıymış,dövüyor olmayacaklar mıymış
çobansın,çobanın
sevişecek olmayacak,sevişecek olacak
kaynaştırtılıyor olmayacaksın,kaynaştırtılıyor olmayacaksın
ezecek olacaklar mıymış,ezecek olacak mıymış
nalları dikiyor olmamalı mıymışım,nalları dikiyor olmamalı mıymışım
argo,argoyu
kullanıyor olmamalısınız,kullanıyor olmamalısınız
yaratmamalıymışım,yaratmamalıymışım
çökeleğinin,çökeleğinin
daldırtmıyor muymuş,daldırtıyor muymuş
kokuyor olmalı mıymışız,kokuyor olmalı mıymışız
eğleniyordum,eğleniyordum
büktürtülüyor olur muydun,büktürtülüyor olur muydun
kazmalarımızdan,kazmalarımızdan
süngülerin,süngülere
periymişler,periymiş
şimallerin,şimalların
kapamayım,kapamayım
badanalardan,badanalardan
getirmemişsiniz,getirmemişsiniz
çarmıhından,çarmıhından
aradınız mı,aradınız
kaynaştırtılıyor olmayacaklarmış,kaynaştırtılıyor olmayacaklarmış
savaşçılarınız,savaşçılarız
örmüş olacaksın,örmüş olacaksın
güzelleştirir olacakmışsınız,güzelleştirir olacakmışsınız
giymezdi,giymezdi
buzullarımızın,buzulumuzun
belleğini,belleğini
parçalanmanı,parçalanmanda
hava atıyor olmayacak mıymışız,hava atıyor olmayacak mıymışız
hava atacak olacak mıymışsın,hava atacak olacak mıymışsın
yeterliliklerimizde,yeterliliklerimizde
verdiriyor olmamalıymışım,veririyor olmamalıymışım
havlu atmıştım,havlu atmıştım
derecek olmayacaksınız,direcek olmayacaksınız
gerekiyor muydunuz,gerekiyor muydunuz
çökeriyor olacaklar mıydı,çökeriyor olacaklar mıydı
varıyordum,varıyordum
delecek olmayacakmışız,delecek olmayacakmışız
katılmayacaklardı,katılmayacaklardı
ittirilmiş olacaklar mıydı,ittirilmiş olacak mıydı
kırıtmayacak mıymış,kırıtmayacak mıymış
dizecekler,dizecekler
karıştırıyor olmamalı mıydınız,karıştırıyor olmamalı mıydınız
dokumayacak mıymışım,dokumayacak mıyım
şamarlamalı mıydım,şamarlamalı mıydım
kartalımızı,kartalımızı
topçusunda,topçunda
kaşımalılar mıymış,kaşımalılar mıydı
rahatsızlanmadı mıydı,rahatsızlanmadı mıydı
övüyor olmayacak mısınız,övüyor olmayacak mısınız
duş alıyor olmalıydı,duş alıyor olmalıydı
programlatmıyor musun,programlatmıyor musun
uyacak olmayacakmışız,uyacak olmayacakmışız
süründürtüyor olacak mı,süründürtüyor olacak mı
otostop çektiler,otostop çektilerdi
doluyor olmalı mıymışız,doluyor olmalı mıydık
vuruyormuşum,vuruyormuşum
yemişlerine,yemişlerine
gecikir miydim,gecikir miydim
serer olacaklarmış,serer olacakmış
taşmış olacaktık,taşmış olacaktık
bükmemelilermiş,bükmemelilermiş
evlenmemişler miymiş,evlenmemişler mi
soyuyor olacaktı,soyuyor olacaktı
kazımameliyiz,kazımameliyiz
tutarlar mıydı,tutarlar mıydı
ağlaşmış olacak,ağlaşmış olacak
yerküre bilimcisini,yerküre bilimcisii
sosunda,sosunda
ayarlattırıyor olacakmış,ayarlattırıyor olacakmış
buharlaşıyor olurdun,buharlaşıyor olurdun
duruyor olmayacak mıyız,duruyor olmayacak mıyız
kaçırmıyordunuz,kaçırmıyordunuz
bilmiş olacaktım,bilmiş olacaktım
sunuluyor olur muydum,sunuluyor olur muydum
arıyor olacak mıydı,arıyor olacak mıydı
susmadı mıydık,susmadı mıydık
hastadan,hastandan
kesmiş olmayacak mıyız,kesmiş olmayacak mıyız
kuruyacaklar,kuruyacaklar
ütüleri,ütüleri
kimyasal tepkimelerden,kimyasal tepkimelere
kuyumcuydunuz,kuyumcuydunuz
kötüleşmiyordunuz,kötüleşmiyordunuz
yanıt veriyor olacaklardı,yanıt veriyor olacaklardı
tıkmaz mı,tıkmaz mı
sıkacak olmayacak mısınız,sıkacak olmayacak mısınız
sendromları,sendromları
İngilizceleştiriyor olmamalı mıydık,İngilizceleştiriyor olmamalı mıydık
memleketleriniz,memleketleriniz
kızmaz mısınız,kızmaz mısınız
tütmüyormuş,tütmüyormuş
dindarlıklarında,dindarlıklarında
sürünecek olmayacakmışsınız,sürünecek olmayacakmışsınız
semercilerinizi,semercinizi
gerçek sayılarınızı,gerçek sayınızı
öpmeli miydin,öpmeli miydin
dirememiş misiniz,dirememiş mi
çökerler,çökerler
burkuyorsun,burkuyorsun
canlandırtacak olmayacağız,canlandırtacak olmayacağız
el sıkışıyor olmamalı mıydık,el sıkışıyor olmamalı mıydık
iblisler,iblisleri
yalvarmayacak mıydım,yalvarmayacak mıydım
satın almazdı,satın almazdı
doyar olacakmışsınız,doyar olacakmışsınız
gaflarımızda,gaflarımız
onarır olmayacakmış,onarır olmayacakmış
sahipleriniz,sahipleriniz
ağır mıydık?,ağır mıydık?
işitmeyin,işitme
dadanıyor olmamalıymışsınız,dadanıyor olmamalıymışsınız
voleybolların,voleybolların
kıllığında,kıllığı
hüzünlerinizi,hüzünlerinizi
hormonal sistemlerinize,hormonal sistemlerinize
solmamalıydım,solmamalıydım
sevabında,sevapında
fulyaya,fulyana
parasızlığa,parasızlıkta
istiyor olmalı mıydınız,istiyor olmalı mıydınız
yeniliyor olmalıymışım,yeniliyor olmalıymışım
ekşitmeli miydi,ekşitmeli miydi
fevt olmeli mi,fevt olmeli mi
daldırmış olmayacak mıyız,daldırmış olmayacağız
sökmeyecek miymişim,sökmeyecek miymişim
kovmamamış mıymışız,kovmamamış mıymışız
korsanlardı,korsanlardı
çağıracak olacaklar mıymış,çağıracak olacaklar mı?
kanamış olacak mıydık,kanamış olacak mıydık
kaynaştırılıyor olmalı mıyım,kaynaştırılıyor olmalı mıyım
pisletecek olmayacaklar,pisletecek olmayacaklar
yontuluyor olmamalı mıymış,yontuluyor olmamalı mıymış
gidiliyorlardı,gidiliyorlardı
verimsizleştirmişlermiş,verimsizleştirmişlermiş
solmuş olacak mıydık,solucu olacak mıydık
programlattırmadı,programlattırmadı
yendirmiyor,yendirmiyor
mantimiz,mantimiz
sığacak olmayacakmışım,sığacak olmayacakmışım
yendiriyor olmamalı mıydık,yendiriyor olmamalı mıydık
olmuyordu,olmuyordu
daldık,daldık
ağlarını,ağları
polinomunu,polinomunu
tükenmemeli miyiz,tükenmemeli miyiz
karıştırmayacaktınız,karıştırmayacaktınız
eğlenmeyiz,eğlenmem
sanıyor olmamalıymışsınız,sanıyor olmamalıymışsınız
dirilmiyor olmalılar mı,dirilmiyor olmalılar mı
sabanlarımızın,sabanlarımızın
güzelleştiriyor olmayacak mıymışsın,güzelleştiriyor olmayacak mıymışsın
aşık atıyor olmamalıymışım,aşık atıyor olmamalıymışım
oyalameli,oyalameli
süngü,süngüyü
bluzsuzlarında,bluzsuzları
dedikodu yaparlardı,dedikodu yaparlardı
âşık olduydunuz,âşık olduydunuz
güdümlerini,güdümleri
kalmıyor muymuşsun,kalıyor muymuşsun
sunucularınızı,sunucularınız
vurmaz mıyım,vurmaz mıyım
böceklerinin,böceklerinin
kısrağından,kısrakından
seks yapıyor olmalı mıymış,seks yapıyor olmalı mı
penisimiz,penisimiz
hata yapacak olacak mıymışsınız,hata yapacak olacak mıymışsınız
damatmışsınız,damatmışsınız
beklemeyi,beklemeyi
dalgalandırmış olacaklar,dalgalandırmış olacaklar
onurlar,onurları
nergisleri,nergisleri
durmalıymış,durmalıymış
doymayacaklar,doymayacaklar
utanmamalı mıydınız,utanmameli miydiniz
doğuymuşum,doğuymuşum
emlakçılarını,emlakçıları
keşimize,keşimize
birleştirtiyorduk,birleştirtiyorduk
kırmızı şarabından,kırmızı şarabından
ayarlanıyor olmaz mıydım,ayarlanıyor olmaz mıydım
mortoyu çekmiş olacaktık,mortoyu çekmiş olacaktık
izolasyonumuz,izolasyonumuz
zağarlarsınız,zağarlarsınız
cennetlerin,cennetlerinin
hareket ediyorsun,hareket ediyorsun
salmış mısın,salmış mı
ürkmüş olmayacaksın,ürkmüş olmayacaksın
küçüldü müydüm,küçüldü müydüm
gerinmeli miydim,gerinmeli miydim
yediriyor olacak mıymışız,yediriyor olacak mıymışız
çarpmamalı mıydınız,çarpmameli miydiniz
taşmayacakmışız,taşacakmışız
nefes aldırtıyor olmalılar mıydı,nefes aldırtıyor olmalılar mıydı
bıkmaz mıymışsınız,bıkar mıymışsınız
kanıtlarlardı,kanıtlardı
acıtmadın mı,acıtmadın mı
küsmüş olacaksın,küsmüş olacaksın
kötüleşiyordu,kötüleşiyordu
biliyor olmayacaklarmış,biliyor olmayacaklarmış
çıkacak mıyım,çıkacak mıyım
hayırseverin,hayırseveri
acıtmayın,acıtma
acıtmışlar mıydı,acıtmış mıydı
itmeliler miymiş,itmeliler mi
yumuyor olacaklar mıydı,yumuyor olacaklar mıydı
helak olmayacaksınız,helak olmayacaksınız
gondollarınızın,gondolunuzun
sıvılaştırıyor olmamalı mıydık,sıvılaştırıyor olmamalı mıydık
süründürmeliydik,süründürmeliydik
düşer olmayacak mıymışsın,düşer olmayacak mıymışsın
uğratmayacak mıymışız,uğratmayacak mıymışız
kaynaştırdılar,kaynaştırdılar
mevzularınızın,mevzunuzun
sanmayacaklar,sanmayacaklar
üreyecek olmayacak mısın,üreyecek olmayacak mısın
önemsizliklerimizden,önemsizliklerimizden
dirilmiyor muymuş,dirilmiyormuş
düşmeyecek miydi,düşmeyecek miydi
bıçağına,bıçağına
köpürecek olacak mıymışsın,köpürecek olacakmışsın
yermemeliydik,yermemelidik
cartayı çekiyor olmalıymışım,cartayı çekiyor olmalıymışım
kışkırtacak olmayacaklar,kışkırtacak olmayacaklar
saçıyorlar mıydı,saçıyor muydu
avcı,avcıyı
önerilerin,öneriniz
gizlendim,gizlendim
otuz bir çekmiş miymişsiniz,otuz bir çekmiş miymişsiniz
papaz olmayacaklar,papaz olmayacaklar
boşalmalıydım,boşalmalıydım
konacak olacaksın,konacak olacaksın
temizler olmayacakmış,temizler olmayacakmış
unutuyor olacak mıymışız,unutuyor olacak mıymışız
gülüyor olmayacak mıymış,gülüyor olmayacak mıymış
kovmadı mıydık,kovmadı mıydık
sinek mantarının,sinek mantarının
ulumaz mıymışsınız,ulmaz mıymışsınız
yıkaacak olmayacakmışsın,yıkacak olmayacakmışsın
salamlar,salamları
kırdırtır olmayacak mıymışsınız,kırdırtır olmayacakmışsınız
yumurtaların,yumurtaları
ongunlarına,ongunlara
karşılıklarımızda,karşılıklarımızda
tanımadıydı,tanımadıydı
kalıyor olmazdın,kalıyor olmazdın
toplamış mıydın,topladı mıydın
sürtmezmiş,sürtmezmiş
bulacak olmayacaklar,bulacaklar mıydı
dalgalandırmayacaklardı,dalgalandırmayacaklardı
yarasadan,yarasandan
plektrumların,plektrumları
döndüm,döndüm
doyuyorlarmış,doyuyorlarmış
alındırtıyor olacaktım,alındırtıyor olacaktım
satmayacaksınız,satmayacaksınız
pişiyor olmalılar mıydı,pişiyor olmalılar mıydı
fındık kıracak olacaklarmış,fındık kıracak olacaklarmış
Cakartalıymışsın,Cakartalıymışsın
yatağına,yatağına
el sıkışır olmayacakmış,el sıkışır olmayacakmış
cavlağı çekmiş olmayacak mıydım,cavlağı çekmiş olmayacak mıydım
tütmüyor muymuşuz,tütmüyor muymuşuz
dalgalandıydın,dalgalandıydın
damlıyor olacakmışsınız,damlıyor olacakmışsınız
dirilmemeli miymişim,dirilmemeli miymişim
kamçılarına,kamçılarına
verilmedi miydi,verilmedi miydi
düzenlenebilirliğinden,düzenlenebilirliğinden
sunar mıymışsınız,sunur muymuşsunuz
kalkacak olmayacaklar mı,kalkacak olmayacaklar mı
helak oluyor mu,helak oluyor mu
otuz bir çektin,otuz bir çektin
öpüşür olmayacakmış,öpüşür olmayacakmış
ermiş olmayacaksın,ermiş olmayacaksın
cephelerini,cepheleri
doyacağız,doyacağız
bitirtir olmayacak mıymışız,bitirtir olmayacak mıymışız
tıraş oldu muydun,tıraş oldu muydun
büyüyor olacaklar,büyuyor olacaklar
kakacak mısınız,kakacek misiniz
alındırıyor olmalı mısınız,alındırıyor olmalı mısınız
kirletecek olmayacaksınız,kirletecek olmayacaksınız
çağırmış mıydın,çağırdı mıydın
salıyormuşum,salıyormuşum
saksafonlarını,saksafonları
orta parmaklarına,orta parmaklarına
kaynaştırılıyor olmamalı mıymış,kaynaştılıyor olmamalı mıymış
bezmemeliler,bezmemeliler
dolap çevirmeyin,dolap çevirme
onarıyor olmamalı mıydı,onarıyor olmamalı mıydı
mutfaklarının,mutfaklarının
birleşik kelimeden,birleşik kelimeye
evleniyor olmayacakmış,evleniyor olmayacakmış
eğildiniz,eğildiniz
gülünçleşiyor olmazdı,gülünçleşiyor olmazdı
sarılmamışlar,sarılmamışlar
hiperbole,hiperboluna
onaracak olmayacaklar mı,onaracak olmayacaklar mı
canlanmış olacak mı,canlanmış olacak mı
göçecek olmayacak mısın,göçecek olmayacak mısın
kirletmişmişim,kirletmişmişim
kazıyor olmayacak mıymışsın,kazıyor olmayacak mıymışsın
tekil kalıplarında,tekil kalıplarında
kullanılacak olmayacak mısınız,kullanılacak olmayacak mısınız
çatar mıydı,çatar mıydı
viskiydim,viskiydim
gizlenmez misiniz,gizlenmezsiniz
saldırmadılardı,saldırmadılardı
yoğuruyor olmayacak mısın,yoğuruyor olmayacak mısın
acımış mıymışsınız,acımış mıymışsınız
ayakkabıymışsın,ayakkabıymışsın
modalarımızda,modalarımızda
izliyor olmalı mıyım,izliyor olmalı mıyım
takarmış,takarmış
yoksullaştırıyor olmamalıymışsın,yoksullaştırıyor olmamalın
kısmaz mıydın,kısmaz mıydın
sevdiler miydi,sevtiler miydi
kanayacak olmayacağız,kanayacak olmayacağız
dolmuşum,dolmuşum
vereceğiz,vereceğiz
erkecelsin,erkecelsin
onamamalıymış,onamamalıymış
satılacak olacak mıymış,satılacak olacak mı?
büktürülüyor olmamalısın,büktürülüyor olmamalısın
başlangıcını,başlangıcını
sultanlardır,sultanlar
kayıktan,kayıkta
umutsuz değildik,umutsuz değildik
soğuyacak olmayacaklar,soğuyacak olmayacaklar
günebakanların,günebakanların
kurutmuş olacaksın,kurutmuş olacaksın
aşıyor olacaktı,eşiyor olacaktı
pembe dizilerinize,pembe dizilerinize
ermeliydim,ermeliydim
kovmadılar,kovmadılar
teyzelerin,teyzelere
mayonezlerine,mayonezlerine
kovacak olmayacakmışsın,kovac olmayacakmışsın
kalıbı değiştiriyor olmamalı mıymışsınız,kalıbı değil miymişsiniz
kumalarınızı,kumanızı
dondurmalı mıydın,dondurmeli miydin
pişiyor olmamalıymış,pişiyor olmamalıymış
düzeltiyor olmamalıymışım,düzeltiyor olmamalıymışım
kokluyor olacaksın,kokluyor olacaksın
bıkıyor olacaktım,bıkıyor olacaktım
ettirtiyor olmalıymış,ettirtiyor olmalıymış
sempozyuma,sempozyumuna
başkanmışlar,başkanmış
birincil anahtarlarınız,birincil anahtarlarınız
dürtmüş olmayacaklardı,dürtmüş olmayacaklardı
ekşitecek olmayacaklar mıymış,ekşitecek olmayacaklar mıymış
kaynaştırmayacak mıymışız,kaynaştırmayacak mıymışız
taklitçi olacak mıydık,taklitçi olacak mıydık
dindar mıydınız?,dindar mı? mı?
kıskanacak mıyız,kıskanacak mıyız
yanardağlarınızın,yanardağlarınızın
yendiriyor olmalı mıymışım,yendiriyor olmalı mıyım
keselerinde,keselerinde
gezecek olacak mıymışsınız,gezecek olacak mıymışsınız
dolaplarınızı,dolablarınızı
işliyor olmazlar mıydı,işliyor olmazlar mıydı
gelinciklerimizin,gelinciklerimizin
bamyanın,bamyanın
aşık atmış olacak mısınız,aşık atmış olacak mısınız
giriyor olacaklar,giriyor olacaklar
götürüyor olmamalısın,götürüyor olmamalısın
katarsınız,katarsınız
temizliyor olur muydum,temizliyor olur muydum
kalkmayacaktık,kalkmayacaktık
horluyor olur muydun,horluyor olur muydun
ölçünüz,ölçünüz
tütüyor olmayacak mısınız,tütüyor olmayacak mısınız
sönüyor olacak mı,sönüyor olacak mı
sekiyor olmayacakmış,sekiyor olmayacakmış
zaman aralıklarının,zaman aralıklarının
yarar olmayacaklar mıymış,yarar olmayacaklarmış
şarkıcılarınızın,şarkıcılarınız
uçan halıları,uçan hallerini
bölmemeli miydin,bölmemeli miydin
yumurtalıklarınızın,yumurtalıklarınızın
kaşıyacakmışsın,kaşıyacakmışsın
yağmışlar mı,yağmışlar
gözlemezler miymiş,gözlemezler mi
yetişiyor olmayacaktım,yetişiyor olmayacaktım
kestirmelerine,kestirmelerine
güvenliliklerinin,güvenliliklerinin
heyecanlandırmış olmayacak mıyız,heyecanlandırmış olmayacak mıyız
ayılacak mıyız,ayılacak mıyız
üvey oğullarının,üvey oğullarının
kokusunu,kokusunu
sürünmüyor muymuşum,sürünmüyor muymuşum
yağmayacak mı,yağmayacak mı
çok yüksek frekans,çok yüksek frekanı
yontulacak olmayacak mısınız,yontulacak olmayacak mısınız
birleştirtecek olmayacak mıyız,birleştirtecek olmayacak mıyız
yapmaz mıymışsınız,yapar mıymışsınız
sürtüyor olmamalısın,sürtüyor olmamalısın
kalıbı dinlendirmiş olacaklar,kalıbı dinlendirmiş olacaklar
büktürtüyor olmalıymışım,büktürtüyor olmalıymışım
çiftmişler,çiftmiş
köygöçürenin,köygöçüreninin
müstahdemdiler,müstahdemdi
kalıbı dinlendiriyor olur muydun,kalıbı dinlendiriyor olur muydun
konar olmayacakmış,konar olmayacakmış
heyecanlanmayacak mıydık,heyecanlanacak mıydık
karnabaharlarınıza,karnabaharlarınıza
irkeneklermiş,irkeneklermiş
âşık olacak mıymışım,âşık olacak mıyım
delirmelisiniz,delirmelisiniz
aşık attırıyor olacaktık,aşık attırıyor olacaktık
koşulmuş olmayacak mıydım,koşulmuş olmayacaktım
kanarmışsınız,kanarmışsınız
viskiye,viskiye
şaşılıyor olmalılar mıydı,şaşılıyor olmalılar mıydı
acıktırmamalı mıymış,acıktırmamalı mıymış
cezalandırmış olmayacak mıydınız,cezalandırmış olmayacak mıydınız
temizliyor olmalı mıydı,temizliyor olmalı mıydı
bulunmamalılar mıymış,bulunmamalılar mıydı
sürttünüz,sürttünüz
sererler,sererler
kozalarınızın,kozanızın
dolap çevirmiştim,dolap çevirmiştim
satın almamışlar,satın almamışlar
mağaralar,mağaraları
koylarında,koyları
uğratırlardı,uğratırlardı
bürokrattan,bürokratta
uyumuş olmayacaklar mı,uyumuş olmayacaklar
atmayacak mıydın,atmayacak mıydın
mamaya,mamanı
doğuyor olmayacak mıyız,doğuyor olacak mıyız
getirmemeli miydiniz,getirmemeli miydiniz
dünya,dünyayı
canlandırmamalı mıydı,canlandırmamalı mıydı
verdirirmişsiniz,verdirirmişsiniz
sakallar,sakalları
işleecek olacak mıymışsınız,işleecek olacak mıymışsınız
katılaşmadı,katılaşmadı
çalmamalı mıydın,çalmameli miydin
atıştırıyor olmayacak mısınız,atıştırıyor olmayacak mısınız
çıkardınız,çıkardınız
papazlarmış,papazlarmış
tutkumuza,tutkumuza
programlatır olmayacak mıymışsın,programlatır olmayacak mıymışsın
alıçlarımızda,alıçlarımızda
dürecek olmayacakmış,dürecek olmayacak
yediriyor olacaklar mı,yediriyor olacaklar mı
üşenmezmiş,üşenmezmiş
havai fişeklerin,havai fişeklerinin
kızmamışmışsın,kızmamışmışın
mektuplarınıza,mektuplarınıza
gelişmez miydin,gelişmez miydin
tükürüyor olmayacak mıymışız,tükürüyor olmayacak mıymışız
bitmiyordunuz,bitmiyordunuz
bağlıyor muydunuz,bağlıyor muydunuz
deşecekmiş,deşecekmiş
gelirlerin,gelirleri
ayarlatmazdım,ayarlatmazdım
delilerinin,delilerinin
saymamış mıyım,saymamış mıyım
dürüyorlar mıydı,dürüyor muydu
seçilmemeli miymişim,seçilmemeli miymişim
pipetmişler,pipetmiş
dürmüştük,dürmüştük
aşar olmayacak mıymışsın,aşar olmayacak mıymışsın
kümelerini,kümeleri
birleştirtmiş olmayacak mıydım,birleştirtmiş olmayacak mıydım
fahişemiz,fahişemiz
buluşmuş olmayacak,buluşmuş olmayacak
onarıyor olmamalılar,onarıyor olmamalılar
koltuğun,koltuğuna
bilir miydi,biler miydi
ısırmış olacaktık,ısırmış olacaktık
yarar olacak mıymışız,yarar olacak mıymışız
yolunmalı mıydı,yolunmalı mıydı
yüzüncüyüm,yüzüncüyüm
sıcaklığı,sıcaklıkta
nefes alır mıymış,nefes alır mıymış
günahkârı,günahkârı
dağlıya,dağlına
ermiş olacaklar mıydı,ermiş olacak mıydı
donatımın,donatımında
canlanmıyor olmamalı mıymış,canlanmıyor olmamalı mıymış
kızmamışlar mıymış,kızmamışlar mıymış
ovuyor olmayacak mı,ovuyor olmayacak mı
süpürüyor olacaktı,süpürüyor olacaktı
çarmıha geriyor muydum,çarmıha geriyor muydum
dildolarına,dildolarına
bardaklar,bardaklar
deliğin,deliği
iblisin,iblisi
karaciğeri,karaciğeri
bileecek olmayacak mıymışım,bilecek olmayacak mıymışım
kanıtlamayacak mıydınız,kanıtlamayacak mıydınız
dermeyecektiniz,dermeyecektiniz
büktürülmedi miydi,büktürülmedi miydi
taklitçi olmuştum,taklitçi olmuştum
sıvılaştılar,sıvılaştılar
donduracak olacak mıymış,donduracak olacak mı?
örecek olmayacağız,örecek olmayacağız
kırdıracakmışız,kırdıracakmışız
köpürtüyor olmamalı mıydım,köpürtüyor olmamalı mıydım
papatyasında,papatyanda
gösteriyor muydu,gösteriyor muydu
vakit,vakti
canlanıyor olmamalı mısın,canlanıyor olmamalı mısın
klatratının,klatratının
seslenmemişmişsiniz,seslenmemişmişsiniz
ayarlanmıyor,ayarlanmıyor
yolundururmuşsunuz,yolundururmuşsunuz
hareket etmiş olacaklar mıydı,hareket etmiş olacaklar mıydı
filozofumuza,filozofumuza
korkuyorlar mıymış,korkuyorlar mıymış
menekşesini,menekşesini
kış uykusuna yatacak olmayacaksınız,kış uykusuna yatacak olmayacaksınız
babacansınız,babacanlarsınız
kürkler,kürkleri
sugeçirmez yapmış olacaklar mıydı,sugeçirmez yapmış olacaklar mıydı
şaşırtmamışlar mıymış,şaşırtmamışlar mıymış
ekşitmiyor muyuz,ekşitmiyor muyuz
susuyor olmamalısın,susuyor olmamalısın
yangınına,yangınına
seslenmiyoruz,seslenmiyoruz
yontulacak olacakmış,yontulacak olacakmış
ürümüş olacaklar mıydı,ürümüş olacak mıydı
savunacak olacağım,savunacak olacağım
tıkmayacakmışsınız,tıkacakmışsınız
ölçmüyordunuz,ölçmüyordunuz
kıydı mıydın,kıydı mıydın
saklayacak olacak,saklayacak olacak
ikincil sürümlerinde,ikincil sürümlerinde
verilmezdik,verilmezdik
üzecekmişsin,üzecekmişsin
sarılıyor olmamalı mıymışım,sarılıyor olmamalı mıymışım
attırmelisiniz,attırmelisiniz
ilerletmiş misin,ilerletmiş misin
cezalandırmış mıymışsın,cezalandırmış mıymışsın
fenerlerin,fenerlerinin
ittirtiyor olmayacaklar mıymış,ittirtiyor olmayacaklar mıymış
dişleklerine,dişleklerine
kıskanmıyor,kıskanmıyor
fırınımızı,fırınımızı
yaratıyorlar mıymış,yaratıyorlar mıymış
dilberinde,dilberinde
diziyor olmamalı mıydı,diziyor olmamalı mıydı
kokluyor olmamalı mıymışım,kokluyor olmamalı mıymışım
dışkısından,dışkından
iyileştirir olmayacak mıymışsın,iyileştirir olmayacakmışsın
gülünçleşmemeli miymiş,gülünçleşmemeli miymiş
ilerletiyor olmayacaklar mı,ilerletiyor olmayacaklar mı
ulumuyor mu,ulumuyor mu
demlemez misin,demlemez misin
cızlamı çekmezler,cızlamı çekmezler
değişkendiniz,değişkendiniz
yalıyor olmamalı mıydınız,yalıyor olmamalı mıydınız
bulayacak mıymışım,bulacak mıymışım
havuzlarımızdan,havuzlarımızdan
bozuyor olmalıymış,bozuyor olmalıymış
canlandırmayacaklar,canlandırmayacaklar
yağınız,yağınız
satıyor olmazdı,satıyor olmazdı
sayacak olmayacakmışsınız,sayacak olpacakmışsınız
dadılarına,dadınıza
âlimlerdi,âlimlerdi
taşağın,taşakı
tıraş oluyor olacaklardı,tıraş oluyor olacaklardı
lügatçemiz,lügatçemiz
sürülüyorlar mı,sürülüyor mu
diliyor olmamalılar mıymış,diliyor olmamalılar mıymış
boğmalıymış,boğmalıymış
sunulmayacak mı,sunulmayacak mı
süründürmemeliyiz,süründürmemeliyiz
kaynaşır olmayacak mıymışsınız,kaynaşır olmayacak mıymışsınız
yarar olmayacak mıymışsınız,yarar olmayacak mıymışsınız
toprak olacak mısınız,toprak olacak mısınız
korkarmışız,korkarmışız
atmazlar,atmazlar
verdirecekmiş,verdirecekmiş
düzeltmiş olmayacaktın,düzeltmiş olmayacaktın
donduracağız,donduracağız
sanmışız,sanmışız
emetofobiler,emetofobileri
dağıtıyor olacakmışsınız,dağıtıyor olacakmışsınız
ilklendirmeyecek mi,ilklendirmeyecek mi
sabahlarında,sabahlarında
ölüyor olacak mıydı,ölüyor olacak mıydı
bölüyor muydum,böluyor muydum
şehirlerinizin,şehirlerinizin
yoluyor olacakmış,yoluyor olacakmış
muzun,muzun
damlamamış mıyım,damlamamış mıyım
yapışacak mıymışım,yapışacakmışım
açılmalı mıydınız,çılmalı mıydınız
yetiştirir olmayacak mıymışsın,yetiştirir olmayacak mıymışsın
programlanıyor olmamalı mıymışsınız,programlanıyor olmamalı mıymışsınız
büyüleyici değildiniz,büyüleyici değildiniz
işkencecimize,işkencecimize
kılıyor muydum,kılıyor muydum
cezalandırdılar,cezalandırdı
mühendislerin,mühendisleri
saklıyormuşum,saklıyormuşum
kalıbı dinlendirmiş olmayacaktı,kalıbı dinlendirmiş olmayacak
tutacak olacaksınız,tutacak olacaksınız
kırıklarımızda,kırıklarımızda
ağd yapıyor olurdun,ağd yapıyor olurdun
bayılmalarını,bayılmaları
damlıyor olmayacaklar mı,damlıyor olmayacaklar mı
aileden,ailede
taklitçi olmamalıydınız,taklitçi olmamalıydınız
satışlarsınız,satıslarsınız
bıçaklamışmışız,bıçaklamışmışız
üremiş olmayacaktık,üremiş olmayacaktık
yendirtmediniz,yendirtmediniz
çiziyor olmayacak mıyım,çiziyor olmayacak mıyım
lokantalarınızı,lokantanızı
yarağından,yarakından
gelişmiş misin,gelişmiş mi
sünecek olacakmış,sünecek olacakmış
heyecanlandırıyor olacaklar mıymış,heyecanlandırıyor olacak mıymış
kopacak olacak mıymış,kopacak olacak mı?
zürriyetinde,zürriyetinde
kırtasiyeymişsiniz,kırtasiyeymişsiniz
görüntüleri,görüntüleri
yazmamalıydın,yazmamalıydın
öğretirmişim,öğretirmişim
kıskanmışmışım,kıskanmışmışım
süpürüyor olmalılar mı,süpürüyor olmalılar mı
yapmayacaklar,yapmayacaklar
ettirtir olmayacak mıymışsın,ettirtir olmayacak mıymışsın
bilemiş misin,bilemiş misin
kızacak olmayacak,kızacak olmayacak
çekicimize,çekicimize
seriyor olmayacak mısınız,seriyor olmayacak mısınız
vuruyor olmalı mıydı,vuruyor olmalı mıydı
kazmış mıymışsın,kazmış mıymışsın
öğütmemeliydim,öğütmedim
memleketin,memleketinin
ekşimeli miydin,ekşimeli miydin
sinirlendirmemeliydik,sinirlendirmemeliydik
yapılmamış mıymış,yapılmamış mı
yapılıyor olur muydum,yapılıyor olur muydum
imamlarınızı,imamınızı
ovmalı mıymışım,ovmalı mıydım
getiriyor olmayacak mısın,getiriyor olmayacak mısın
sönecek olmayacaksınız,sönecek olmayacaksınız
döndürmedi,döndürmedi
dirilir olacaklar mıymış,dirler olacaklar mıymış
başaracak olacaklar,başaracak olacaklar
kırdırtır olacakmışsınız,kırdırtır olacakmışsınız
varmazlar,varmazlar
büyülü müydün?,büyülü müydün?
kazıyor olmayacaklarmış,kazıyor olmayacaklarmış
çıkarırmışsınız,çıkarırmışız
vibratörler,vibratörleri
tıklamıyormuş,tıklamıyormuş
ölçmüş olmayacaklardı,ölçmüş olmayacaklardı
ölçmemeli miyiz,ölçmemeli miyiz
dize geliyor olmayacaktım,dize geliyor olmayacaktım
yetmiyor muydunuz,yetmiyor muydunuz
cüce gezegenlerden,cüce gezegenlere
küsmeyecekler,küsmeyecekler
büktürtülmeli miydi,büktürtülmeli miydi
iğdelerden,iğdelere
yırtmış olmayacaklardı,yırtmış olmayacaklardı
deliriyor olacak mıydı,deliriyor olacak mıydı
silkmeli miydim,silkmeli miydim
tanıtacak olmayacakmışsın,tanıtacak olmayacakmışsın
yaratmalardan,yaratmalarba
uğratılıyor olacakmışım,uğratılıyor olacakmışım
yolduruyor olacak mı,yolduruyor olacak mı
asidi,asidi
askıdan,askından
ilerletiyor olmayacak mı,ilerletiyor olmayacak mı
tüttüm,tüttüm
lunaparkları,lunaparkarı
cavlağı çekiyor olmayacak mıymış,cavlağı çekiyor olmayacak mıymış
sikiliyor olacakmışsınız,sikiliyor olacakmışsınız
şikâyet ediyor olmalı mısınız,şikâyet ediyor olmalı mısınız
geçinecek olmayacak mıymışım,geçinecek olmayacak mıymışım
sürülmemiş miymişiz,sürülmemiş miymişiz
izlemiş olmayacak mıyız,izlemiş olmayacak mıyız
bilmiş olacaktık,bilmiş olacaktık
yerleşir olmayacak mıymışım,yerleşir olmayacak mıymışım
ölecek miydiniz,ölecek miydiniz
sürücülermiş,sürücülermiş
zurnalarımızda,zurnalarımızda
papaz oluyor olacaksın,papaz oluyor olacaksın
ilerletmişlermiş,ilerletmişler
cartayı çekmezdik,cartayı çekmezdik
vurur muyduk,vurur muyduk
diyapazonlarımızın,diyapazonlarımızın
aldırdılar mıydı,aldırdı mıydı
saydırmış mıydın,saydırdı mıydın
beklemiş olacak mısınız,beklemiş olacak mısınız
döner miydi,döner miydi
pasifler,pasifler
katamaranının,katamaranının
tabanlarınız,tabanlarınız
kullanmayacak mıymışız,kullanmayacak mıymışız
yanıt vermiş olacaktık,yanıt vermiş olacaktık
arınıyor olmalı mıydınız,arınıyor olmalı mıydınız
hava atıyor olacakmışsınız,hava atıyor olacakmışsınız
yedirecek olacak,yedirecek
pastırmadan,pastırmada
bildirmiş olacaktım,bildirmiş olacaktım
boğacak olmayacaklar,boğacak olmayacaklar
yoksullaştırmalılar mıydı,yoksullaştırmalılar mıydı
pişirirsiniz,pişirirsin
bitirtiyor olmamalı mıymışım,bitirtiyor olmamalı mıymışım
kaynaştırtmadı mıydım,kaynaştırtmadı mıydım
bir avuç toprak oluyor olmazdık,bir avuç toprak oluyor olmazdık
susmuyormuş,susmuyormuş
yanıt veriyor olmayacak mıymışız,yanıt veriyor olmayacak mıymışız
yormuş olmayacaktık,yormuş olmayacaktık
soğurdum,soğurdum
kovdurtuyorsun,kovdurtuyorsun
Museviyi,Museviyi
üzülmüyoruz,üzülmüyoruz
programlattırmadı mıydı,programlattırmadı mıydı
sürtecek olacaklar,sürtecekler miydi
koruyucularının,koruyucularının
güzelleştirmiştik,güzelleştirmiştik
nalları dikiyor olmalıymış,nalları dikiyor olmalı
canlanmamaz mıyım,canlanmamaz mıyım
süzmüşler miymiş,süzmüşler miymiş
gönderiyor olmayacak mıymışsınız,gönderiyor olmayacak mıymışsınız
geğiriyor olmamalı mısın,geğiriyor olmamalı mısın
tarıyor muymuş,tarıyor muymuş
yazmış olmayacak mıydım,yazış olmayacak mıydım
öğütürmüşüm,öğütürmüşüm
hava atacak olmayacak mısın,hava atacak olmayacak mısın
silkmemişler,silkmişler
veriliyor olmamalılardı,veriliyor olmamalılardı
oyalıyor muydum,oyalıyor muydum
artı sayılarına,artı sayılarına
yarameli mi,yarameli mi
geçmişlerini,geçmişleri
yapmazmış,yapmazmış
gondolunun,gondolunun
kovdurtmameliler,kovdurtmameliler
götürmeyecekmişiz,götürmeyecekmişiz
kırılmamalılarmış,kırılmamalılarmış
yuvarlar mıydınız,yuvarlar mıydınız
ölçmüşüz,ölçmüşüz
kuyruğu titretmiş olacaktım,kuyruğu titretmiş olacaktım
kullanmış mıydın,kullanmış mıydın
beneğini,bineğini
diyapazonların,diyapazonlare
iç ağlarını,iç ağlarını
helak olmalı mıymışım,helak olmalı mıydım
aldattı mıydın,aldattı mıydın
düzeltecekmişiz,düzeltecekmişiz
eskimeliler miydi,eskimeliler miydi
ölçülüyorlarmış,ölçülüyorlarmış
dörtgenden,dörtgende
pisletmiş miymiş,pisletmiş miymiş
ateşe vermemeliydiniz,ateşe vermemeliydiniz
nişanlıymışlar,nişanlımış
gizliyor olmamalıydı,gizliyor olmamalıydı
katılaştırdı mı,katılaştırdı mı
oturmadı,oturmadı
alıyor olmamalıymışsın,alıyor olmamalıymışsın
fındık kırıyor olmayacak mıymış,fındık kırıyor olmayacak mıymış
uyumuş olacaktık,uyumuş olacaktık
kaçtık,kaçtık
kılıcı,kılıçı
kırılmıyormuş,kırılmıyormuş
kırıtmalıydık,kırıtmalıydık
soyuyor olmalı mıymış,soyuyor olmalı mıymış
sıkıyor muydunuz,sıkıyor muydunuz
geriyor olmamalı mıydınız,geriyor olmamalı mıydınız
gerinmemeli miydi,gerinmemeli miydi
sugeçirmez yapıyor olmayacakmış,sugeçirmez yapıyor olmayacakmış
kıllarımızın,kıllarımızın
bükülmelerine,bükülmelerine
güzelleştiriyor olmamalıymış,güzelleştiriyor olmamalıymış
çağırıyor olmalılar,çağırıyor olmalılar
abartmalı mıymışım,abartmalı mıydım
üşenmelisiniz,üşenmelisiniz
kıyacak mıydın,kıyacak mıydın
yıpranıyordunuz,yıpranıyordunuz
geliştirmeyecek mi,geliştirmeyecek mi
susar olacak mıymış,susar olacak mıymış
fahişelerine,fahişelere
tacını,tacında
cavlağı çekmiyor mu,cavlağı çekmiyor mu
bitirtiyor olmayacaksın,bitirtiyor olmayacaksın
bakıcısınız,bakıcınız
yorar olmayacak mıymışsınız,yorar olmayacak mıymışsınız
önemden,öneminden
dürtmüş olmayacak,dürtmüş olmayacak
kalıba,kalıpı
götürecek olmayacak mısın,götürecek olmayacak mısın
eğlenmemeli miymiş,eğlenmemeli miymiş
uluacak olmayacakmışız,uluacak olmayacakmışız
ateşe verir miymişsiniz,ateşe verir miymişsiniz
bulunuyor olmaz mıydım,bulunuy olmaz mıydım
kovar mıymışsınız,kovmaz mıymışsınız
giyiyor olmazdı,giyiyor olmazdı
flaşlarmış,flaşlarmış
yontacak olmayacağız,yontacak olmayacağız
veledini,veletinde
ürümeyecek miymişiz,ürümeyecek miymişiz
ayılıyor olacak mıydın,ayılıyor olacak mıydın
cehenneme,cehennemine
iletmez miydin,iletmez miydin
kısacak olmayacak mısınız,kısacak olmayacak mısınız
eğitmemeliler miymiş,eğitmemeliler miymiş
kusmazlardı,kusmazlardı
arıyor olmamalısın,çliğ misin
öğütüyor olmayacak mıyım,öğütüyor olmayacak mıyım
bürüyecek olacağım,bürüyecek olacağım
irdeliyor olacaktı,irdiliyor olacaktı
zamanımız,zamanımız
kullanılmış olmayacak mıydım,kullanılmış olmayacak mıyım
canlandırılmalıydım,canlandırılmalıydım
yırtmış olmayacaktık,yırtmış olmayacaktık
aldırtacak olacaklarmış,aldırtacak olacaklarmış
geliyor olmamalı mıydı,geliyor olmamalı mıydı
yardımdan,yardımdan
irdelemeyecek miymişim,irdelemeyecek miymişim
sökmelilermiş,sökmelilermiş
geriniyor olmayacak mıydın,geriniyor olmayacak mıydın
heyecanlandırmayacak mı,heyecanlandırmayacak mı
kalacak olmayacakmışız,kalacak olmayacakmışız
şarapçıları,şarapıları
klişeleriniz,klişeniz
masa,masan
otocuymuşsunuz,otocuymuşsuz
emmeyecekmişsin,emmeyecekmişsin
programlatacak olacak,programlatacak olacak
susuyor muyduk,susuyor muyduk
ayılıyor olmamalıydı,ayılıyor olmamalıydı
değişmişlerdi,değişmişlerdi
taklitçilermiş,taklitçilermiş
yontulmuş olmayacaktı,yontulmuş olmayacaktı
bulunmuyor muydun,bulunmuyor muydun
sunacak olmayacaklar,sunacak olmayacaklar
kediciği,kedicikte
fıstıkların,fıstıklare
saydırtıyor olmalı mıydınız,saydırtıyor olmalı mıydınız
öksürüyor muydunuz,öksürüyor muydunuz
yardımcılıklarınızın,yardımcılıklarınız
klatratlarınız,klatratlarız
öldürtmüş olmayacak,öldürtmüş olmayacak
soğururmuş,soğururmuş
kurtçuktular,kurtçuktu
iyileşiyor olmayacaklar mıymış,iyileşiyor olmayacaklar mıymış
çevreye,çevrene
beziyordu,beziyordu
temizlememiş miymişiz,temizlememiş miymişiz
duruyor mu,duruyor mu
keşkeklerden,keşkeklere
dövüşmüş olmayacağım,dövüşmüş olmayacağım
düşermiş,düşermiş
arşive,arşive
güdüminde,güdümünde
bildiriyor olacaktık,bildiriyor olacaktık
programlattırır olacak mıymış,programlattırır olacak mıymış
baylardır,baylar
odalarımızda,odalarımız
büyüyecek olacaksın,büyüyecek olacaksın
kılıyor olacakmış,kılıyor olacakmış
mermiydiniz,mermiydiniz
geçinmiş olmayacaktık,geçinmiş olmayacaktık
çağanozlarını,çağanozları
uzanıyor olmalı mıymışız,uzanıyor olmalı mıydık
sınıyor olmalı mıymışız,sınıyor olmalı mıymışız
üretecek olmayacaklar mı,üretecekler mi
atmamamışsınız,atmamamışsınız
yanıt verecek olacaksınız,yanıt verecek olacaksınız
canlanılmış olmayacaklardı,canlanılmış olmayacaklardı
öpmemeli miymiş,öpmemeli miymiş
lepisteslerini,lepistesleri
cavlağı çekiyor olmamalılar,cavlağı çekiyor olmamalılar
sinirlendirmemeli miymiş,sinirlendirmemeli miymiş
ayaklardan,ayaklardan
ışıklarını,ışıkları
göndermemeliydim,göndermediydim
sikiliyorduk,sikiliyorduk
temizlemiş olmayacak,temizlemiş olmayacak
cikletler,cikletleri
emmemişsin,emmemişsin
haberleşmez miymiş,haberleşmez miymiş
evlenmeyecek miymişim,evlenmeyecek miymişim
gözlüyorlarmış,gözlüyormuşlar
saklanmış mıymış,saklanmış mı
karıştıracak olmayacaksın,karıştıracak olmayacaksın
damlamayacak mıydım,damlamayacak mıydım
geliyor olmamalıymışsınız,geliyor olmamalıymışsınız
yaptırıyor olmamalıydı,yaptırıyor olmamalıydı
çıkıyor olacakmışsınız,çıkıy olacakmışsınız
gücenmeliymiş,gucenmeliymiş
uymuş olacaklar,uymuş olar
diri miymişim?,diriymişim
şüphe,şüphey
giyiyor olmayacaksınız,giyiyor olmayacaksınız
